"sezioni";"codici";"titoli_corti";"l"
"A";"0";"AGR., SILVICOLT. E PESCA";1
"A";"01";"Prod. vegetali e animali, caccia";2
"A";"011";"Colt. di colture agricole non permanenti";3
"A";"0111";"Colt. di cereali, legumi da granella";4
"A";"011100";"Colt. di cereali, legumi da granella";6
"A";"0112";"Colt. del riso";4
"A";"011200";"Colt. del riso";6
"A";"0113";"Colt. di ortaggi e meloni";4
"A";"011300";"Colt. di ortaggi e meloni";6
"A";"0114";"Colt. di canna da zucchero";4
"A";"011400";"Colt. di canna da zucchero";6
"A";"0115";"Colt. di tabacco";4
"A";"011500";"Colt. di tabacco";6
"A";"0116";"Colt. di piante tessili";4
"A";"011600";"Colt. di piante tessili";6
"A";"0119";"Colt. di altre colture non permanenti";4
"A";"011900";"Colt. di altre colture non permanenti";6
"A";"012";"Colt. di colture permanenti";3
"A";"0121";"Colt. di uva";4
"A";"012101";"Colt. di uva";6
"A";"012102";"Viticoltura – Vinificazione";6
"A";"0122";"Colt. di frutta di origine tropicale";4
"A";"012200";"Colt. di frutta di origine tropicale";6
"A";"0123";"Colt. di agrumi";4
"A";"012300";"Colt. di agrumi";6
"A";"0124";"Colt. di pomacee e frutta a nocciolo";4
"A";"012400";"Colt. di pomacee e frutta a nocciolo";6
"A";"0125";"Colt. di altri alberi da frutta";4
"A";"012500";"Colt. di altri alberi da frutta";6
"A";"0126";"Colt. di frutti oleosi";4
"A";"012600";"Colt. di frutti oleosi";6
"A";"0127";"Colt. di piante per la prod. di bevande";4
"A";"012700";"Colt. di piante per la prod. di bevande";6
"A";"0128";"Colt. di spezie, piante aromat. e farma.";4
"A";"012800";"Colt. di spezie, piante aromat. e farma.";6
"A";"0129";"Colt. di altre colture permanenti";4
"A";"012900";"Colt. di altre colture permanenti";6
"A";"013";"Riprod. delle piante";3
"A";"0130";"Riprod. delle piante";4
"A";"013000";"Riprod. delle piante";6
"A";"014";"All. di animali";3
"A";"0141";"All. di bovini da latte";4
"A";"014100";"All. di bovini da latte";6
"A";"0142";"All. di altri bovini e di bufalini";4
"A";"014200";"All. di altri bovini e di bufalini";6
"A";"0143";"All. di cavalli e altri equini";4
"A";"014300";"All. di cavalli e altri equini";6
"A";"0144";"All. di cammelli e camelidi";4
"A";"014400";"All. di cammelli e camelidi";6
"A";"0145";"All. di ovini e caprini";4
"A";"014500";"All. di ovini e caprini";6
"A";"0146";"All. di suini";4
"A";"014600";"All. di suini";6
"A";"0147";"All. di pollame";4
"A";"014700";"All. di pollame";6
"A";"0149";"All. di altri animali";4
"A";"014900";"All. di altri animali";6
"A";"015";"Colt. agr. ass. all'all. di animali";3
"A";"0150";"Colt. agr. ass. all'all. di animali";4
"A";"015000";"Colt. agr. ass. all'all. di animali";6
"A";"016";"Att. di supporto all'agricoltura";3
"A";"0161";"Att. di supporto alla prod. Vegetale";4
"A";"016100";"Att. di supporto alla prod. Vegetale";6
"A";"0162";"Att. di supporto alla prod. animale";4
"A";"016200";"Att. di supporto alla prod. animale";6
"A";"0163";"Att. successive alla raccolta";4
"A";"016300";"Att. successive alla raccolta";6
"A";"0164";"Lav. delle sementi per la semina";4
"A";"016400";"Lav. delle sementi per la semina";6
"A";"017";"Caccia, cattura di animali";3
"A";"0170";"Caccia, cattura di animali";4
"A";"017000";"Caccia, cattura di animali";6
"A";"02";"Silvicolt. e utilizzo di aree forestali";2
"A";"021";"Silvicolt. e altre att. forestali";3
"A";"0210";"Silvicolt. e altre att. forestali";4
"A";"021000";"Silvicolt. e altre att. forestali";6
"A";"022";"Utilizzo di aree forest.";3
"A";"0220";"Utilizzo di aree forest.";4
"A";"022000";"Utilizzo di aree forest.";6
"A";"023";"Raccolta di prod. non legnosi selvatici";3
"A";"0230";"Raccolta di prod. non legnosi selvatici";4
"A";"023000";"Raccolta di prod. non legnosi selvatici";6
"A";"024";"Servizi di supporto per la silvicolt.";3
"A";"0240";"Servizi di supporto per la silvicolt.";4
"A";"024000";"Servizi di supporto per la silvicolt.";6
"A";"03";"Pesca e acquicolt.";2
"A";"031";"Pesca";3
"A";"0311";"Pesca marina";4
"A";"031100";"Pesca marina";6
"A";"0312";"Pesca in acque dolci";4
"A";"031200";"Pesca in acque dolci";6
"A";"032";"Acquicolt.";3
"A";"0321";"Acquicolt. marina";4
"A";"032100";"Acquicolt. marina";6
"A";"0322";"Acquicolt. in acque dolci";4
"A";"032200";"Acquicolt. in acque dolci";6
"B";"0";"ATT. ESTRATTIVA";1
"B";"05";"Estr. di carbone e lignite";2
"B";"051";"Estr. di antracite";3
"B";"0510";"Estr. di antracite";4
"B";"051000";"Estr. di antracite";6
"B";"052";"Estr. di lignite";3
"B";"0520";"Estr. di lignite";4
"B";"052000";"Estr. di lignite";6
"B";"06";"Estr. di petrolio greggio";2
"B";"061";"Estr. di petrolio greggio";3
"B";"0610";"Estr. di petrolio greggio";4
"B";"061000";"Estr. di petrolio greggio";6
"B";"062";"Estr. di gas naturale";3
"B";"0620";"Estr. di gas naturale";4
"B";"062000";"Estr. di gas naturale";6
"B";"07";"Estr. di min. metalliferi";2
"B";"071";"Estr. di min. metalliferi ferrosi";3
"B";"0710";"Estr. di min. metalliferi ferrosi";4
"B";"071000";"Estr. di min. metalliferi ferrosi";6
"B";"072";"Estr. di min. metalliferi non ferrosi";3
"B";"0721";"Estr. di min. di uranio e di torio";4
"B";"072100";"Estr. di min. di uranio e di torio";6
"B";"0729";"Estr. di altri min. metalliferi non fer.";4
"B";"072900";"Estr. di altri min. metalliferi non fer.";6
"B";"08";"Altre att. estrattive";2
"B";"081";"Estr. di pietra, sabbia e argilla";3
"B";"0811";"Estr. di pietre ornamentali e da costr.";4
"B";"081100";"Estr. di pietre ornamentali e da costr.";6
"B";"0812";"Estr. di ghiaia, sabbia";4
"B";"081200";"Estr. di ghiaia, sabbia";6
"B";"089";"Estr. di min. e prod. di cava nca";3
"B";"0891";"Estr. di min. per l'industria chimica";4
"B";"089100";"Estr. di min. per l'industria chimica";6
"B";"0892";"Estr. di torba";4
"B";"089200";"Estr. di torba";6
"B";"0893";"Estr. di sale";4
"B";"089300";"Estr. di sale";6
"B";"0899";"Altre att. estrattive nca";4
"B";"089900";"Altre att. estrattive nca";6
"B";"09";"Att. dei servizi di supporto all'estr.";2
"B";"091";"Att. di supporto all'estr. di petrolio";3
"B";"0910";"Att. di supporto all'estr. di petrolio";4
"B";"091000";"Att. di supporto all'estr. di petrolio";6
"B";"099";"Att. di supporto ad altre att. estr.";3
"B";"0990";"Att. di supporto ad altre att. estr.";4
"B";"099000";"Att. di supporto ad altre att. estr.";6
"C";"0";"ATT. MANIFATTURIERE";1
"C";"10";"Ind. alimentari";2
"C";"101";"Lavorazione e cons. di carne";3
"C";"1011";"Lavorazione e cons. di carne";4
"C";"101100";"Prod. di carne, esclusi i volatili";6
"C";"1012";"Lavorazione e cons. di carne di volatili";4
"C";"101200";"Prod. di carne di volatili";6
"C";"1013";"Prod. di prodotti a base di carne";4
"C";"101300";"Prod. di prodotti a base di carne";6
"C";"102";"Lavorazione e cons. di pesce";3
"C";"1020";"Lavorazione e cons. di pesce";4
"C";"102000";"Lavorazione e cons. di pesce";6
"C";"103";"Lavorazione e cons. di frutta e ortaggi";3
"C";"1031";"Lavorazione e cons. delle patate";4
"C";"103100";"Lavorazione e cons. delle patate";6
"C";"1032";"Prod. di succhi di frutta e di ortaggi";4
"C";"103200";"Prod. di succhi di frutta e di ortaggi";6
"C";"1039";"Altre lav. e cons. di frutta e ortaggi";4
"C";"103900";"Altre lav. e cons. di frutta e ortaggi";6
"C";"104";"Prod. di oli e grassi vegetali e animali";3
"C";"1041";"Prod. di oli e grassi";4
"C";"104100";"Prod. di oli e grassi";6
"C";"1042";"Prod. di margarina e di grassi commest.";4
"C";"104200";"Prod. di margarina e di grassi commest.";6
"C";"105";"Prod. di latte e latticini";3
"C";"1051";"Lav. del latte e prod. di latticini";4
"C";"105101";"Trattamento e conf. del latte fresco";6
"C";"105102";"Prod. di formaggio";6
"C";"105103";"Prod. di altri derivati del latte";6
"C";"1052";"Prod. di gelati";4
"C";"105200";"Prod. di gelati";6
"C";"106";"Lav. delle granaglie, prod. di amidi";3
"C";"1061";"Lav. delle granaglie";4
"C";"106100";"Lav. delle granaglie";6
"C";"1062";"Prod. di amidi e di prod. amidacei";4
"C";"106200";"Prod. di amidi e di prod. amidacei";6
"C";"107";"F. di prod. da forno e farinacei";3
"C";"1071";"Prod. di pane; prod. di pasticceria";4
"C";"107100";"Prod. di pane; prod. di pasticceria";6
"C";"1072";"Prod. di fette biscottate e di biscotti";4
"C";"107200";"Prod. di fette biscottate e di biscotti";6
"C";"1073";"Prod. di paste alimentari";4
"C";"107300";"Prod. di paste alimentari";6
"C";"108";"Prod. di altri prodotti alimentari";3
"C";"1081";"Prod. di zucchero";4
"C";"108100";"Prod. di zucchero";6
"C";"1082";"Prod. di cacao, cioccolato, caramelle";4
"C";"108201";"Prod. di cacao e cioccolato";6
"C";"108202";"Prod. di confetterie";6
"C";"1083";"Lav. del tè e del caffè";4
"C";"108300";"Lav. del tè e del caffè";6
"C";"1084";"Prod. di condimenti e spezie";4
"C";"108400";"Prod. di condimenti e spezie";6
"C";"1085";"Prod. di pasti e piatti preparati";4
"C";"108500";"Prod. di pasti e piatti preparati";6
"C";"1086";"Prod. di preparati omogeneizzati";4
"C";"108600";"Prod. di preparati omogeneizzati";6
"C";"1089";"Prod. di altri prodotti alim. nca";4
"C";"108900";"Prod. di altri prodotti alim. nca";6
"C";"109";"Prod. di prod. per l'alim. degli animali";3
"C";"1091";"Prod. di mangimi per l'alim. degli anim.";4
"C";"109100";"Prod. di mangimi per l'alim. degli anim.";6
"C";"1092";"Prod. di prod. per l'alim. d. anim. dom.";4
"C";"109200";"Prod. di prod. per l'alim. d. anim. dom.";6
"C";"11";"Prod. di bevande";2
"C";"110";"Prod. di bevande";3
"C";"1101";"Distil., rett. e miscelatura di alcolici";4
"C";"110100";"Distil., rett. e miscelatura di alcolici";6
"C";"1102";"Prod. di vini da uve";4
"C";"110200";"Prod. di vini da uve";6
"C";"1103";"Prod. di sidro";4
"C";"110300";"Prod. di sidro";6
"C";"1104";"Prod. di altre bevande ferm. non distil.";4
"C";"110400";"Prod. di altre bevande ferm. non distil.";6
"C";"1105";"F. di birra";4
"C";"110500";"F. di birra";6
"C";"1106";"F. di malto";4
"C";"110600";"F. di malto";6
"C";"1107";"Prod. di bibite analcoliche";4
"C";"110700";"Prod. di bibite analcoliche";6
"C";"12";"Ind. del tabacco";2
"C";"120";"Prod. di tabacchi";3
"C";"1200";"Prod. di tabacchi";4
"C";"120000";"Prod. di tabacchi";6
"C";"13";"Ind. tessili";2
"C";"131";"Prep. e filatura di fibre tessili";3
"C";"1310";"Prep. e filatura di fibre tessili";4
"C";"131001";"Prep. e filatura di fibre tipo cotone";6
"C";"131002";"Prep. e fil. di fibre tipo lana cardata";6
"C";"131003";"Torcitura e prep. della seta e di filati";6
"C";"131004";"Prep. e filatura di altre fibre tessili";6
"C";"132";"Tessitura";3
"C";"1320";"Tessitura";4
"C";"132001";"Tess. di filati tipo cotone";6
"C";"132002";"Tess. di filati tipo lana";6
"C";"132003";"Tess. di altre materie tessili";6
"C";"133";"Finissaggio dei tess.";3
"C";"1330";"Finissaggio dei tess.";4
"C";"133000";"Finissaggio dei tess.";6
"C";"139";"Altre industrie tess.";3
"C";"1391";"F. di tessuti a maglia";4
"C";"139100";"F. di tessuti a maglia";6
"C";"1392";"F. di articoli tessili.";4
"C";"139201";"Conf. di biancheria da letto, da tavola";6
"C";"139202";"F. di articoli da letto";6
"C";"139203";"F. di altri articoli in mat. tessili";6
"C";"1393";"F. di tappeti e moquette";4
"C";"139300";"F. di tappeti e moquette";6
"C";"1394";"F. di spago, corde, funi e reti";4
"C";"139400";"F. di spago, corde, funi e reti";6
"C";"1395";"F. di tessuti non tessuti";4
"C";"139500";"F. di tessuti non tessuti";6
"C";"1396";"F. di tessuti per uso tecnico e ind.";4
"C";"139600";"F. di tessuti per uso tecnico e ind.";6
"C";"1399";"F. di altri prod. tessili nca";4
"C";"139901";"F. di ricami";6
"C";"139902";"F. di passamanerie";6
"C";"139903";"F. di altri tessili nca";6
"C";"14";"Conf. di articoli di abbigliamento";2
"C";"141";"Conf. di articoli di abbigliamento";3
"C";"1411";"Conf. di abbigliamento in pelle";4
"C";"141100";"Conf. di abbigliamento in pelle";6
"C";"1412";"Conf. di indumenti da lavoro";4
"C";"141200";"Conf. di indumenti da lavoro";6
"C";"1413";"Conf. di altro abbigliamento esterno";4
"C";"141301";"Conf. di indumenti per uomo e bambino";6
"C";"141302";"Conf. di indumenti per donna, bambina";6
"C";"141303";"Conf. di indumenti esterni s.p.";6
"C";"1414";"Conf. di biancheria intima";4
"C";"141401";"Conf. di biancheria pers. per uomo";6
"C";"141402";"Conf. di biancheria pers. per donna";6
"C";"141403";"Conf. di biancheria pers. esterni s.p.";6
"C";"1419";"Conf. di altri art. di abb. ed accessori";4
"C";"141900";"Conf. di altri art. di abb. ed accessori";6
"C";"142";"Conf. di articoli in pelliccia";3
"C";"1420";"Conf. di articoli in pelliccia";4
"C";"142000";"Conf. di articoli in pelliccia";6
"C";"143";"F. di articoli di maglieria";3
"C";"1431";"F. di art. di calzetteria in maglia";4
"C";"143100";"F. di art. di calzetteria in maglia";6
"C";"1439";"F. di altri articoli di maglieria";4
"C";"143900";"F. di altri articoli di maglieria";6
"C";"15";"Conf. di articoli in pelle e simili";2
"C";"151";"Prep. e concia del cuoio";3
"C";"1511";"Prep. e tintura di pellicce";4
"C";"151100";"Prep. e tintura di pellicce";6
"C";"1512";"F. di art. da viaggio, borse e simili";4
"C";"151200";"F. di art. da viaggio, borse e simili";6
"C";"152";"F. di calzature";3
"C";"1520";"F. di calzature";4
"C";"152000";"F. di calzature";6
"C";"16";"Ind. del legno e dei prod. in legno";2
"C";"161";"Taglio e piallatura del legno";3
"C";"1610";"Taglio e piallatura del legno";4
"C";"161001";"Taglio del legno";6
"C";"161002";"Piallatura del legno e tratt. di superf.";6
"C";"161003";"Tratt. del legno";6
"C";"162";"F. di prod. in legno, sughero, paglia";3
"C";"1621";"F. di fogli da impiall. e di pannelli";4
"C";"162100";"F. di fogli da impiall. e di pannelli";6
"C";"1622";"F. di pavimenti a parquet assemblati";4
"C";"162200";"F. di pavimenti a parquet assemblati";6
"C";"1623";"F. di altri prod. di carpent. in legno";4
"C";"162301";"Falegn. per l'edilizia, porte e finestre";6
"C";"162302";"Falegnameria per interni";6
"C";"162303";"F. di altri elem. di carpent. in legno";6
"C";"1624";"F. di imballaggi in legno";4
"C";"162400";"F. di imballaggi in legno";6
"C";"1629";"F. di altri prod. in legno";4
"C";"162900";"F. di altri prod. in legno";6
"C";"17";"F. di carta e di prodotti di carta";2
"C";"171";"F. di pasta-carta, carta e cartone";3
"C";"1711";"F. di pasta-carta";4
"C";"171100";"F. di pasta-carta";6
"C";"1712";"F. di carta e di cartone";4
"C";"171200";"F. di carta e di cartone";6
"C";"172";"F. di art. di carta e di cartone";3
"C";"1721";"F. di carta e cartoni ondulati";4
"C";"172100";"F. di carta e cartoni ondulati";6
"C";"1722";"F. di prod. di carta e cartone";4
"C";"172200";"F. di prod. di carta e cartone";6
"C";"1723";"F. di prod. cartotecnici";4
"C";"172300";"F. di prod. cartotecnici";6
"C";"1724";"F. di carta da parati";4
"C";"172400";"F. di carta da parati";6
"C";"1729";"F. di altri art. di carta e cartone";4
"C";"172900";"F. di altri art. di carta e cartone";6
"C";"18";"Stampa e riprod. su supporti registrati";2
"C";"181";"Stampa e servizi connessi alla stampa";3
"C";"1811";"Stampa di giornali";4
"C";"181100";"Stampa di giornali";6
"C";"1812";"Altra stampa";4
"C";"181201";"Stampa offset";6
"C";"181202";"Serigrafia";6
"C";"181203";"Eliografia e riprografia";6
"C";"181204";"Altre stampe nca";6
"C";"1813";"Lav. preliminari alla stampa e ai media";4
"C";"181301";"Att. preliminari alla stampa";6
"C";"181302";"Altre att. connesse alla stampa nca";6
"C";"1814";"Rilegatura e servizi conn.";4
"C";"181400";"Rilegatura e servizi conn.";6
"C";"182";"Riprod. su supporti registrati";3
"C";"1820";"Riprod. su supporti registrati";4
"C";"182000";"Riprod. su supporti registrati";6
"C";"19";"F. di coke";2
"C";"191";"F. di prodotti di cokeria";3
"C";"1910";"F. di prodotti di cokeria";4
"C";"191000";"F. di prodotti di cokeria";6
"C";"192";"F. di prod. derivanti dalla raffin.";3
"C";"1920";"F. di prod. derivanti dalla raffin.";4
"C";"192000";"F. di prod. derivanti dalla raffin.";6
"C";"20";"F. di prodotti chimici";2
"C";"201";"F. di prod. chimici di base";3
"C";"2011";"F. di gas industriali";4
"C";"201100";"F. di gas industriali";6
"C";"2012";"F. di coloranti e pigmenti";4
"C";"201200";"F. di coloranti e pigmenti";6
"C";"2013";"F. di altri prod. chim. di base inorg.";4
"C";"201300";"F. di altri prod. chim. di base inorg.";6
"C";"2014";"F. di a. prod. chim. di base organici";4
"C";"201400";"F. di a. prod. chim. di base organici";6
"C";"2015";"F. di fertil. e di composti azotati";4
"C";"201500";"F. di fertil. e di composti azotati";6
"C";"2016";"F. di mat. plastiche in forme primarie";4
"C";"201600";"F. di mat. plastiche in forme primarie";6
"C";"2017";"F. di gomma sint. in forme primarie";4
"C";"201700";"F. di gomma sint. in forme primarie";6
"C";"202";"F. di fitofarmaci e di altri prod. chim.";3
"C";"2020";"F. di fitofarmaci e di altri prod. chim.";4
"C";"202000";"F. di fitofarmaci e di altri prod. chim.";6
"C";"203";"F. di pitture, vernici e smalti";3
"C";"2030";"F. di pitture, vernici e smalti";4
"C";"203000";"F. di pitture, vernici e smalti";6
"C";"204";"F. di saponi e detergenti";3
"C";"2041";"F. di saponi e detergenti";4
"C";"204100";"F. di saponi e detergenti";6
"C";"2042";"F. di profumi e cosmetici";4
"C";"204200";"F. di profumi e cosmetici";6
"C";"205";"F. di altri prodotti chimici";3
"C";"2051";"F. di esplosivi";4
"C";"205100";"F. di esplosivi";6
"C";"2052";"F. di colle";4
"C";"205200";"F. di colle";6
"C";"2053";"F. di oli essenziali";4
"C";"205300";"F. di oli essenziali";6
"C";"2059";"F. di altri prod. chimici nca";4
"C";"205900";"F. di altri prod. chimici nca";6
"C";"206";"F. di fibre sint. e artificiali";3
"C";"2060";"F. di fibre sint. e artificiali";4
"C";"206000";"F. di fibre sint. e artificiali";6
"C";"21";"F. di prodotti farmaceutici di base";2
"C";"211";"F. di prodotti farmaceutici di base";3
"C";"2110";"F. di prodotti farmaceutici di base";4
"C";"211000";"F. di prodotti farmaceutici di base";6
"C";"212";"F. di preparati farmaceutici";3
"C";"2120";"F. di preparati farmaceutici";4
"C";"212000";"F. di preparati farmaceutici";6
"C";"22";"F. di art. in gomma e mat. plastiche";2
"C";"221";"F. di articoli in gomma";3
"C";"2211";"F. di pneumatici e camere d'aria";4
"C";"221100";"F. di pneumatici e camere d'aria";6
"C";"2219";"F. di altri prodotti in gomma";4
"C";"221900";"F. di altri prodotti in gomma";6
"C";"222";"F. di articoli in materie plastiche";3
"C";"2221";"F. di lastre, fogli, tubi";4
"C";"222100";"F. di lastre, fogli, tubi";6
"C";"2222";"F. di imballaggi in mat. plastiche";4
"C";"222200";"F. di imballaggi in mat. plastiche";6
"C";"2223";"F. di art. in plastica per l'edilizia";4
"C";"222300";"F. di art. in plastica per l'edilizia";6
"C";"2229";"F. di altri art. in materie plastiche";4
"C";"222900";"F. di altri art. in materie plastiche";6
"C";"23";"F. di a. prod. d. lav. di min. non met.";2
"C";"231";"F. di vetro e di prodotti in vetro";3
"C";"2311";"F. di vetro piano";4
"C";"231100";"F. di vetro piano";6
"C";"2312";"Lav. e trasf. del vetro piano";4
"C";"231200";"Lav. e trasf. del vetro piano";6
"C";"2313";"F. di vetro cavo";4
"C";"231300";"F. di vetro cavo";6
"C";"2314";"F. di fibre di vetro";4
"C";"231400";"F. di fibre di vetro";6
"C";"2319";"F. e lavorazione di altro vetro";4
"C";"231900";"F. e lavorazione di altro vetro";6
"C";"232";"F. di prodotti refrattari";3
"C";"2320";"F. di prodotti refrattari";4
"C";"232000";"F. di prodotti refrattari";6
"C";"233";"F. di mat. da costr. in terracotta";3
"C";"2331";"F. di piastrelle in ceram. per pavim.";4
"C";"233100";"F. di piastrelle in ceram. per pavim.";6
"C";"2332";"F. di mattoni, tegole ed altri prod.";4
"C";"233200";"F. di mattoni, tegole ed altri prod.";6
"C";"234";"F. di altri prod. in porcellana";3
"C";"2341";"F. di prod. in ceram. per usi dom.";4
"C";"234100";"F. di prod. in ceram. per usi dom.";6
"C";"2342";"F. di articoli sanitari in ceramica";4
"C";"234200";"F. di articoli sanitari in ceramica";6
"C";"2343";"F. di isolatori e di pezzi in ceram.";4
"C";"234300";"F. di isolatori e di pezzi in ceram.";6
"C";"2344";"F. di a. prod. in ceram. per uso tecn.";4
"C";"234400";"F. di a. prod. in ceram. per uso tecn.";6
"C";"2349";"F. di altri prodotti in ceramica";4
"C";"234900";"F. di altri prodotti in ceramica";6
"C";"235";"Prod. di cemento, calce e gesso";3
"C";"2351";"Prod. di cemento";4
"C";"235100";"Prod. di cemento";6
"C";"2352";"Prod. di calce e gesso";4
"C";"235200";"Prod. di calce e gesso";6
"C";"236";"F. di prod. in calces., cemento e gesso";3
"C";"2361";"F. di prod. in calces. per l'edilizia";4
"C";"236100";"F. di prod. in calces. per l'edilizia";6
"C";"2362";"F. di prod. in gesso per l'edilizia";4
"C";"236200";"F. di prod. in gesso per l'edilizia";6
"C";"2363";"F. di calcestruzzo pronto per l'uso";4
"C";"236300";"F. di calcestruzzo pronto per l'uso";6
"C";"2364";"F. di malta";4
"C";"236400";"F. di malta";6
"C";"2365";"F. di prod. in fibrocemento";4
"C";"236500";"F. di prod. in fibrocemento";6
"C";"2369";"F. di altri prod. in calcestruzzo";4
"C";"236900";"F. di altri prod. in calcestruzzo";6
"C";"237";"Taglio, modellatura e finit. di pietre";3
"C";"2370";"Taglio, modellatura e finit. di pietre";4
"C";"237000";"Taglio, modellatura e finit. di pietre";6
"C";"239";"F. d. prod. abr. e di min. non met. nca";3
"C";"2391";"F. di prodotti abrasivi";4
"C";"239100";"F. di prodotti abrasivi";6
"C";"2399";"F. d. altri prod. in min. non met. nca";4
"C";"239901";"F. di prod. a base di asfalto";6
"C";"239902";"A. f. di a. prod. in min. non met. nca";6
"C";"24";"Att. metallurgiche";2
"C";"241";"Att. siderurgiche";3
"C";"2410";"Att. siderurgiche";4
"C";"241000";"Att. siderurgiche";6
"C";"242";"F. di tubi, condotti, profilati cavi";3
"C";"2420";"F. di tubi, condotti, profilati cavi";4
"C";"242000";"F. di tubi, condotti, profilati cavi";6
"C";"243";"F. di prod. d. prima trasf. d. acciaio";3
"C";"2431";"Stiratura a freddo di barre";4
"C";"243100";"Stiratura a freddo di barre";6
"C";"2432";"Laminazione a freddo di nastri";4
"C";"243200";"Laminazione a freddo di nastri";6
"C";"2433";"Profilatura mediante formatura";4
"C";"243300";"Profilatura mediante formatura";6
"C";"2434";"Trafilatura a freddo";4
"C";"243400";"Trafilatura a freddo";6
"C";"244";"Prod. di metalli di base preziosi";3
"C";"2441";"Produzione di metalli preziosi";4
"C";"244100";"Produzione di metalli preziosi";6
"C";"2442";"Produzione di alluminio";4
"C";"244200";"Prod. e att. di prima trasf. di allu.";6
"C";"2443";"Produzione di piombo, zinco e stagno";4
"C";"244300";"Prod. e att. di prima trasf. di piombo";6
"C";"2444";"Produzione di rame";4
"C";"244400";"Prod. e att. di prima trasf. di rame";6
"C";"2445";"Prod. di altri metalli non ferrosi";4
"C";"244500";"Att. di prima trasf. d. met. non ferrosi";6
"C";"2446";"Tratt. dei combustibil nucleari";4
"C";"244600";"Tratt. dei combustibil nucleari";6
"C";"245";"Attività di fonderie";3
"C";"2451";"Fusione di ghisa";4
"C";"245100";"Fusione di ghisa";6
"C";"2452";"Fusione di acciaio";4
"C";"245200";"Fusione di acciaio";6
"C";"2453";"Fusione di metalli leggeri";4
"C";"245300";"Fusione di metalli leggeri";6
"C";"2454";"Fusione di altri metalli non ferrosi";4
"C";"245400";"Fusione di altri metalli non ferrosi";6
"C";"25";"F. di prod. in met., escl. macch.";2
"C";"251";"F. di elementi da costruzione in met.";3
"C";"2511";"F. di strutture metalliche";4
"C";"251100";"F. di strutture metalliche";6
"C";"2512";"F. di porte e finestre in metallo";4
"C";"251200";"F. di porte e finestre in metallo";6
"C";"252";"F. di cisterne, serbatoi e cont. in met.";3
"C";"2521";"F. di radiatori e contenitori in met.";4
"C";"252100";"F. di radiatori e contenitori in met.";6
"C";"2529";"F. di altre cisterne, serbatoi";4
"C";"252900";"F. di altre cisterne, serbatoi";6
"C";"253";"F. di generatori di vapore";3
"C";"2530";"F. di generatori di vapore";4
"C";"253000";"F. di generatori di vapore";6
"C";"254";"F. di armi e munizioni";3
"C";"2540";"F. di armi e munizioni";4
"C";"254000";"F. di armi e munizioni";6
"C";"255";"Fucinatura, imbutitura, stampaggio";3
"C";"2550";"Fucinatura, imbutitura, stampaggio";4
"C";"255000";"Fucinatura, imbutitura, stampaggio";6
"C";"256";"Tratt. e rivestimento dei metalli";3
"C";"2561";"Tratt. e rivestimento dei metalli";4
"C";"256100";"Tratt. e rivestimento dei metalli";6
"C";"2562";"Lav. di meccanica generale";4
"C";"256201";"Lav. di officina meccanica";6
"C";"256202";"Lav. da fabbro";6
"C";"256203";"Lav. di fucinatura";6
"C";"257";"F. di art. di coltelleria, utensili";3
"C";"2571";"F. di art. di coltelleria e posateria";4
"C";"257100";"F. di art. di coltelleria e posateria";6
"C";"2572";"F. di serrature e cerniere";4
"C";"257200";"F. di serrature e cerniere";6
"C";"2573";"F. di utensileria";4
"C";"257300";"F. di utensileria";6
"C";"259";"F. di altri prodotti in metallo";3
"C";"2591";"F. di bidoni in acciaio";4
"C";"259100";"F. di bidoni in acciaio";6
"C";"2592";"F. di imballaggi leggeri in metallo";4
"C";"259200";"F. di imballaggi leggeri in metallo";6
"C";"2593";"F. di prod. fabbricati con fili met.";4
"C";"259300";"F. di prod. fabbricati con fili met.";6
"C";"2594";"F. di articoli di bulloneria";4
"C";"259400";"F. di articoli di bulloneria";6
"C";"2599";"F. di altri prod. in metallo nca";4
"C";"259900";"F. di altri prod. in metallo nca";6
"C";"26";"F. di computer e prod. di el. e ottica";2
"C";"261";"F. di componenti elettronici";3
"C";"2611";"F. di componenti elettronici";4
"C";"261100";"F. di componenti elettronici";6
"C";"2612";"F. di schede elettroniche integrate";4
"C";"261200";"F. di schede elettroniche integrate";6
"C";"262";"F. di computer e unità periferiche";3
"C";"2620";"F. di computer e unità periferiche";4
"C";"262000";"F. di computer e unità periferiche";6
"C";"263";"F. di app. per le comunicazioni";3
"C";"2630";"F. di app. per le comunicazioni";4
"C";"263000";"F. di app. per le comunicazioni";6
"C";"264";"F. di prod. di el. di consumo";3
"C";"2640";"F. di prod. di el. di consumo";4
"C";"264000";"F. di prod. di el. di consumo";6
"C";"265";"F. di strumenti e app. di misurazione";3
"C";"2651";"F. di strumenti e app. di misurazione";4
"C";"265100";"F. di strumenti e app. di misurazione";6
"C";"2652";"F. di orologi";4
"C";"265201";"F. e assemblaggio di orologi";6
"C";"265202";"F. e assemblaggio di grandi orologi";6
"C";"265203";"F. e assembl. di meccanismi di orologi";6
"C";"265204";"F. di casse e quadranti";6
"C";"265205";"F. di altre parti di orologi";6
"C";"266";"F. di strum. per irradiazione medicale";3
"C";"2660";"F. di strum. per irradiazione medicale";4
"C";"266000";"F. di strum. per irradiazione medicale";6
"C";"267";"F. di strum. ottici e attrezz. fotograf.";3
"C";"2670";"F. di strum. ottici e attrezz. fotograf.";4
"C";"267000";"F. di strum. ottici e attrezz. fotograf.";6
"C";"268";"F. di supporti ottici e magnetici";3
"C";"2680";"F. di supporti ottici e magnetici";4
"C";"268000";"F. di supporti ottici e magnetici";6
"C";"27";"F. di app. elettriche";2
"C";"271";"F. di motori, generatori e trasf. el.";3
"C";"2711";"F. di motori, generatori e trasf. el.";4
"C";"271100";"F. di motori, generatori e trasf. el.";6
"C";"2712";"F. di app. per la distribuzione el.";4
"C";"271200";"F. di app. per la distribuzione el.";6
"C";"272";"F. di batterie e accumulatori";3
"C";"2720";"F. di batterie e accumulatori";4
"C";"272000";"F. di batterie e accumulatori";6
"C";"273";"F. di cablaggi e app. di cablaggio";3
"C";"2731";"F. di cavi a fibre ottiche";4
"C";"273100";"F. di cavi a fibre ottiche";6
"C";"2732";"F. di altri fili e cavi elettronici";4
"C";"273200";"F. di altri fili e cavi elettronici";6
"C";"2733";"F. di attrezz. per cablaggio";4
"C";"273300";"F. di attrezz. per cablaggio";6
"C";"274";"F. di app. per illuminazione";3
"C";"2740";"F. di app. per illuminazione";4
"C";"274000";"F. di app. per illuminazione";6
"C";"275";"F. di app. per uso domestico";3
"C";"2751";"F. di elettrodomestici";4
"C";"275100";"F. di elettrodomestici";6
"C";"2752";"F. di app. per uso dom. non elettrici";4
"C";"275200";"F. di app. per uso dom. non elettrici";6
"C";"279";"F. di altre app. elettriche";3
"C";"2790";"F. di altre app. elettriche";4
"C";"279000";"F. di altre app. elettriche";6
"C";"28";"F. di macch. e apparechiature nca";2
"C";"281";"F. di macchine d'impiego generale";3
"C";"2811";"F. di motori e turbine";4
"C";"281100";"F. di motori e turbine";6
"C";"2812";"F. di app. fluidodinamiche";4
"C";"281200";"F. di app. fluidodinamiche";6
"C";"2813";"F. di altre pompe e compressori";4
"C";"281300";"F. di altre pompe e compressori";6
"C";"2814";"F. di altri rubinetti e valvole";4
"C";"281400";"F. di altri rubinetti e valvole";6
"C";"2815";"F. di cuscinetti, ingranaggi";4
"C";"281500";"F. di cuscinetti, ingranaggi";6
"C";"282";"F. di altre macch. d'impiego generale";3
"C";"2821";"F. di forni, caldaie";4
"C";"282100";"F. di forni, caldaie";6
"C";"2822";"F. di app. di sollevamento e mov.";4
"C";"282200";"F. di app. di sollevamento e mov.";6
"C";"2823";"F. di macch. e attrezz. per ufficio";4
"C";"282300";"F. di macch. e attrezz. per ufficio";6
"C";"2824";"F. di utensili portatili a motore";4
"C";"282400";"F. di utensili portatili a motore";6
"C";"2825";"F. di attrezz. di uso non domestico";4
"C";"282500";"F. di attrezz. di uso non domestico";6
"C";"2829";"F. di altre macch. d'impiego gen. nca";4
"C";"282900";"F. di altre macch. d'impiego gen. nca";6
"C";"283";"F. di macch. per l'agr. e la silvicolt.";3
"C";"2830";"F. di macch. per l'agr. e la silvicolt.";4
"C";"283000";"F. di macch. per l'agr. e la silvicolt.";6
"C";"284";"F. di macch. per la formatura dei met.";3
"C";"2841";"F. di macch. per la formatura dei met.";4
"C";"284100";"F. di macch. per la formatura dei met.";6
"C";"2849";"F. di altre macchine utensili";4
"C";"284900";"F. di altre macch. utensili nca";6
"C";"289";"F. di altre macch. per impieghi spec.";3
"C";"2891";"F. di macch. per la metallurgia";4
"C";"289100";"F. di macch. per la metallurgia";6
"C";"2892";"F. di macchine da miniera";4
"C";"289200";"F. di macchine da miniera";6
"C";"2893";"F. di macch. per l'industria alim.";4
"C";"289300";"F. di macch. per l'industria alim.";6
"C";"2894";"F. di macchine per le industrie tess.";4
"C";"289400";"F. di macchine per le industrie tess.";6
"C";"2895";"F. di macch. per l'ind. della carta";4
"C";"289500";"F. di macch. per l'ind. della carta";6
"C";"2896";"F. di macch. per l'ind. d. mat. plast.";4
"C";"289600";"F. di macch. per l'ind. d. mat. plast.";6
"C";"2899";"F. d. a. macch. per impieghi spec. nca";4
"C";"289901";"F. di macch. per la stampa";6
"C";"289902";"F. d. macch. per impieghi spec. nca";6
"C";"29";"F. di autoveicoli, rimorchi";2
"C";"291";"F. di autoveicoli";3
"C";"2910";"F. di autoveicoli";4
"C";"291000";"F. di autoveicoli";6
"C";"292";"F. di carrozzerie per autoveicoli";3
"C";"2920";"F. di carrozzerie per autoveicoli";4
"C";"292000";"F. di carrozzerie per autoveicoli";6
"C";"293";"F. di parti ed acc. per autoveicoli";3
"C";"2931";"F. di app. el. ed elettroniche";4
"C";"293100";"F. di app. el. ed elettroniche";6
"C";"2932";"F. di altre parti ed acc. per autov.";4
"C";"293200";"F. di altre parti ed acc. per autov.";6
"C";"30";"F. di altri mezzi di trasp.";2
"C";"301";"costr. di navi e imbarcazioni";3
"C";"3011";"Costr. di navi e di strutt. galleggianti";4
"C";"301100";"Costr. di navi e di strutt. galleggianti";6
"C";"3012";"Costr. di imbarcazioni da diporto";4
"C";"301200";"Costr. di imbarcazioni da diporto";6
"C";"302";"Costr. di locomotive e di mat. rotabile";3
"C";"3020";"Costr. di locomotive e di mat. rotabile";4
"C";"302000";"Costr. di locomotive e di mat. rotabile";6
"C";"303";"F. di aeromobili, di veicoli spaziali";3
"C";"3030";"F. di aeromobili, di veicoli spaziali";4
"C";"303000";"F. di aeromobili, di veicoli spaziali";6
"C";"304";"F. di veicoli militari da combatt.";3
"C";"3040";"F. di veicoli militari da combatt.";4
"C";"304000";"F. di veicoli militari da combatt.";6
"C";"309";"F. di mezzi di trasporto nca";3
"C";"3091";"F. di motocicli";4
"C";"309100";"F. di motocicli";6
"C";"3092";"F. di biciclette e veicoli per inval.";4
"C";"309201";"F. di biciclette";6
"C";"309202";"F. di veicoli per invalidi";6
"C";"3099";"F. di altri mezzi di trasporto nca";4
"C";"309900";"F. di altri mezzi di trasporto nca";6
"C";"31";"F. di mobili";2
"C";"310";"F. di mobili";3
"C";"3101";"F. di mobili per uffici e negozi";4
"C";"310100";"F. di mobili per uffici e negozi";6
"C";"3102";"F. di mobili per cucina";4
"C";"310200";"F. di mobili per cucina e bagni";6
"C";"3103";"F. di materassi";4
"C";"310300";"F. di materassi";6
"C";"3109";"F. di altri mobili";4
"C";"310900";"F. di altri mobili";6
"C";"32";"Altre ind. manifatturiere";2
"C";"321";"F. di gioielleria, bigiotteria";3
"C";"3211";"Conio di monete";4
"C";"321100";"Conio di monete";6
"C";"3212";"F. di gioielli e articoli conn.";4
"C";"321201";"Lav. di pietre preziose";6
"C";"321202";"F. d. oggetti di oref. e gioielleria nca";6
"C";"3213";"F. di bigiotteria e art. simili";4
"C";"321300";"F. di bigiotteria e art. simili";6
"C";"322";"F. di strumenti musicali";3
"C";"3220";"F. di strumenti musicali";4
"C";"322000";"F. di strumenti musicali";6
"C";"323";"F. di articoli sportivi";3
"C";"3230";"F. di articoli sportivi";4
"C";"323000";"F. di articoli sportivi";6
"C";"324";"F. di giochi e giocattoli";3
"C";"3240";"F. di giochi e giocattoli";4
"C";"324000";"F. di giochi e giocattoli";6
"C";"325";"F. di strum. e forniture med. e dentist.";3
"C";"3250";"F. di strum. e forniture med. e dentist.";4
"C";"325001";"F. di strum. e forniture med. e dentist.";6
"C";"325002";"F. di protesi ortopediche";6
"C";"325003";"Att. di meccanici-dentisti";6
"C";"325004";"F. di occhiali";6
"C";"329";"Ind. manifatturiere nca";3
"C";"3291";"F. di scope e spazzole";4
"C";"329100";"F. di scope e spazzole";6
"C";"3299";"Altre ind. manifatturiere nca";4
"C";"329900";"Altre ind. manifatturiere nca";6
"C";"33";"Ripar. e inst. di macchine e app.";2
"C";"331";"Ripar. di prod. in metallo, macchine";3
"C";"3311";"Ripar. di prod. in metallo";4
"C";"331100";"Ripar. di prod. in metallo";6
"C";"3312";"Ripar. di macchinari";4
"C";"331200";"Ripar. di macchinari";6
"C";"3313";"Ripar. di app. elettroniche ed ottiche";4
"C";"331300";"Ripar. di app. elettroniche ed ottiche";6
"C";"3314";"Ripar. di app. elettriche";4
"C";"331400";"Ripar. di app. elettriche";6
"C";"3315";"Ripar. e man. di navi e imbarcazioni";4
"C";"331500";"Ripar. e man. di navi e imbarcazioni";6
"C";"3316";"Ripar. e manutenzione di aeromobili";4
"C";"331600";"Ripar. e manutenzione di aeromobili";6
"C";"3317";"Ripar. e man. di altri mezzi di trasp.";4
"C";"331700";"Ripar. e man. di altri mezzi di trasp.";6
"C";"3319";"Ripar. di altre apparecchiature";4
"C";"331900";"Ripar. di altre apparecchiature";6
"C";"332";"Inst. di macch. ed app. industriali";3
"C";"3320";"Inst. di macch. ed app. industriali";4
"C";"332000";"Inst. di macch. ed app. industriali";6
"D";"0";"FORNITURA DI ENERGIA EL.";1
"D";"35";"Fornitura di energia el., gas, vapore";2
"D";"351";"Prod., trasm. e distr. di energia el.";3
"D";"3511";"Prod. di energia elettrica";4
"D";"351100";"Prod. di energia elettrica";6
"D";"3512";"Trasmissione di energia elettrica";4
"D";"351200";"Trasmissione di energia elettrica";6
"D";"3513";"Distr. di energia elettrica";4
"D";"351300";"Distr. di energia elettrica";6
"D";"3514";"Comm. di energia elettrica";4
"D";"351400";"Comm. di energia elettrica";6
"D";"352";"Prod. di gas; distr. di combust. gassosi";3
"D";"3521";"Produzione di gas";4
"D";"352100";"Produzione di gas";6
"D";"3522";"Distr. di combustibili gassosi";4
"D";"352200";"Distr. di combustibili gassosi";6
"D";"3523";"Comm. di gas distribuito mediante cond.";4
"D";"352300";"Comm. di gas distribuito mediante cond.";6
"D";"353";"Fornitura di vapore e aria condizionata";3
"D";"3530";"Fornitura di vapore e aria condizionata";4
"D";"353000";"Fornitura di vapore e aria condizionata";6
"E";"0";"FORNITURA DI ACQUA; RETI FOGNARIE";1
"E";"36";"Raccolta, tratt. e fornitura di acqua";2
"E";"360";"Raccolta, tratt. e fornitura di acqua";3
"E";"3600";"Raccolta, tratt. e fornitura di acqua";4
"E";"360000";"Raccolta, tratt. e fornitura di acqua";6
"E";"37";"Gestione delle reti fognarie";2
"E";"370";"Gestione delle reti fognarie";3
"E";"3700";"Gestione delle reti fognarie";4
"E";"370000";"Gestione delle reti fognarie";6
"E";"38";"Att. di racc., tratt. e smalt. rifiuti";2
"E";"381";"Raccolta dei rifiuti";3
"E";"3811";"Racc. di rifiuti non pericolosi";4
"E";"381100";"Racc. di rifiuti non pericolosi";6
"E";"3812";"Racc. di rifiuti pericolosi";4
"E";"381200";"Racc. di rifiuti pericolosi";6
"E";"382";"Tratt. e smaltimento dei rifiuti";3
"E";"3821";"Tratt. e smalt. di rifiuti non pericol.";4
"E";"382100";"Tratt. e smalt. di rifiuti non pericol.";6
"E";"3822";"Tratt. e smalt. di rifiuti pericolosi";4
"E";"382200";"Tratt. e smalt. di rifiuti pericolosi";6
"E";"383";"Recupero di materiali";3
"E";"3831";"Demolizione di carcasse";4
"E";"383100";"Demolizione di carcasse";6
"E";"3832";"Rec. dei materiali selezionati";4
"E";"383200";"Rec. dei materiali selezionati";6
"E";"39";"Att. di risanamento";2
"E";"390";"Att. di risanamento";3
"E";"3900";"Att. di risanamento";4
"E";"390000";"Att. di risanamento";6
"F";"0";"COSTRUZIONI";1
"F";"41";"Costruzione di edifici";2
"F";"411";"Sviluppo di progetti imm.";3
"F";"4110";"Sviluppo di progetti imm.";4
"F";"411000";"Sviluppo di progetti imm.";6
"F";"412";"Costr. di edifici resid. e non resid.";3
"F";"4120";"Costr. di edifici resid. e non resid.";4
"F";"412001";"Costruzione generale di edifici";6
"F";"412002";"Att. delle imprese generali di costr.";6
"F";"412003";"Costr. edili e di genio civile s.p.";6
"F";"412004";"Manutenzione e ripar. di costr. edili";6
"F";"42";"Ingegneria civile";2
"F";"421";"Costr. di strade e ferrovie";3
"F";"4211";"Costr. di strade e autostrade";4
"F";"421100";"Costr. di strade e autostrade";6
"F";"4212";"Costr. di linee ferrov. e metropolitane";4
"F";"421200";"Costr. di linee ferrov. e metropolitane";6
"F";"4213";"Costr. di ponti e gallerie";4
"F";"421300";"Costr. di ponti e gallerie";6
"F";"422";"Costruzione di infrastrutture";3
"F";"4221";"Costr. di infra. per il trasp. di fluidi";4
"F";"422100";"Costr. di infra. per il trasp. di fluidi";6
"F";"4222";"Costr. di infra. per l'energia elettrica";4
"F";"422200";"Costr. di infra. per l'energia elettrica";6
"F";"429";"Costr. di altre opere di ing. civile";3
"F";"4291";"Costr. di opere idrauliche";4
"F";"429100";"Costr. di opere idrauliche";6
"F";"4299";"Costr. d. a. opere di ing. civile nca";4
"F";"429900";"Costr. di a. opere di ing. civile nca";6
"F";"43";"Lav. di costruzione specializzati";2
"F";"431";"Demolizione e prep. del cantiere edile";3
"F";"4311";"Demolizione";4
"F";"431100";"Demolizione";6
"F";"4312";"Prep. del cantiere edile";4
"F";"431200";"Prep. del cantiere edile";6
"F";"4313";"Trivellazioni e perforazioni";4
"F";"431300";"Trivellazioni e perforazioni";6
"F";"432";"Inst. d'impianti elettrici";3
"F";"4321";"Inst. d'impianti elettrici";4
"F";"432100";"Inst. d'impianti elettrici";6
"F";"4322";"Inst. d'impianti idraulici";4
"F";"432201";"Inst. d'impianti sanitari";6
"F";"432202";"Inst. d'impianti sanitari, di lattoneria";6
"F";"432203";"Inst. d'impianti sanitari e di riscal.";6
"F";"432204";"Inst. d'impianti di riscaldamento";6
"F";"4329";"Altri lavori di costruzione e inst.";4
"F";"432901";"Lavori d'isolamento termico, acustico";6
"F";"432902";"Altri lavori di costruzione e inst.";6
"F";"433";"Completamento e finitura di edifici";3
"F";"4331";"Intonacatura";4
"F";"433100";"Intonacatura";6
"F";"4332";"Posa in opere d'infissi";4
"F";"433200";"Posa in opere d'infissi";6
"F";"4333";"Rivest. di pavimenti e di muri";4
"F";"433301";"Rivestimento di pavimenti";6
"F";"433302";"Posa di piastrelle";6
"F";"433303";"Posa di carta da parati";6
"F";"4334";"Tinteggiatura e posa in opera di vetri";4
"F";"433401";"Pittura";6
"F";"433402";"Pittura e stuccatura s.p.";6
"F";"433403";"Posa in opera di vetrate";6
"F";"4339";"A. lav. di complet. e di finit. d. edif.";4
"F";"433900";"A. lav. di complet. e di finit. d. edif.";6
"F";"439";"Altri lav. specializzati di costruzione";3
"F";"4391";"Realizzazione di coperture";4
"F";"439101";"Costr. in legno (carpenteria)";6
"F";"439102";"Copertura di tetti";6
"F";"439103";"Lavori di lattoneria";6
"F";"4399";"Altri lav. specializzati di costr. nca";4
"F";"439901";"Lav. di impermeabilizzazione";6
"F";"439902";"Mont. e smontaggio di ponteggi";6
"F";"439903";"Lavori di muratura";6
"F";"439904";"Nol. di macch. per la costr. con oper.";6
"F";"439905";"Altri lav. speciali di costruzione nca";6
"G";"0";"CI. E CD; RIPAR. DI AUTOV.";1
"G";"45";"Ci. e cd. e ripar. di autov. e motoci.";2
"G";"451";"Commercio di autoveicoli";3
"G";"4511";"Comm. di autovetture e di autov. leggeri";4
"G";"451101";"Ic. e ci. di autov. leggeri (<3,5 t)";6
"G";"451102";"Cd. di autov. leggeri (<3,5 t)";6
"G";"4519";"Comm. di altri autoveicoli";4
"G";"451901";"Ic. e ci. di altri autoveicoli (>3,5 t)";6
"G";"451902";"Cd. di altri autoveicoli (>3,5 t)";6
"G";"452";"Man. e riparazione di autoveicoli";3
"G";"4520";"Man. e riparazione di autoveicoli";4
"G";"452001";"Man. e riparazione di autoveicoli";6
"G";"452002";"Rip. e verniciatura delle carrozzerie";6
"G";"453";"Comm. di parti e acc. di autoveicoli";3
"G";"4531";"Ci. di parti e acc. di autoveicoli";4
"G";"453100";"Ci. di parti e acc. di autoveicoli";6
"G";"4532";"Cd. di parti e acc. di autoveicoli";4
"G";"453200";"Cd. di parti e acc. di autoveicoli";6
"G";"454";"Comm., man. e ripar. di motocicli";3
"G";"4540";"Comm., man. e ripar. di motocicli";4
"G";"454000";"Comm., man. e ripar. di motocicli";6
"G";"46";"Ci., escl. quello d. autoveicoli";2
"G";"461";"Intermediari del commercio";3
"G";"4611";"Ic. di mat. prime agr., di anim. vivi";4
"G";"461100";"Ic. di mat. prime agr., di anim. vivi";6
"G";"4612";"Ic. di combustibili, min. metalli";4
"G";"461200";"Ic. di combustibili, min. metalli";6
"G";"4613";"Ic. di legname e mat. da costruzione";4
"G";"461300";"Ic. di legname e mat. da costruzione";6
"G";"4614";"Ic. di macchinari, impianti industriali";4
"G";"461400";"Ic. di macchinari, impianti industriali";6
"G";"4615";"Ic. di mobili, art. per la casa";4
"G";"461500";"Ic. di mobili, art. per la casa";6
"G";"4616";"Ic. di prod. tess., abb., calzature";4
"G";"461600";"Ic. di prod. tess., abb., calzature";6
"G";"4617";"Ic. di prod. alim., bevande e tabacco";4
"G";"461700";"Ic. di prod. alim., bevande e tabacco";6
"G";"4618";"Intermediari spec. nel comm. di a. prod.";4
"G";"461800";"Intermediari spec. nel comm. di a. prod.";6
"G";"4619";"Ic. di prod. senza prevalenza di alcuno";4
"G";"461900";"Ic. di prod. senza prevalenza di alcuno";6
"G";"462";"Ci. di mat. prime agricole e anim. vivi";3
"G";"4621";"Ci. di cereali, tabacco grezzo";4
"G";"462100";"Ci. di cereali, tabacco grezzo";6
"G";"4622";"Ci. di fiori e piante";4
"G";"462200";"Ci. di fiori e piante";6
"G";"4623";"Ci. di animali vivi";4
"G";"462300";"Ci. di animali vivi";6
"G";"4624";"Ci. di pelli e cuoio";4
"G";"462400";"Ci. di pelli e cuoio";6
"G";"463";"Ci. di prod. alim., bevande e tabacco";3
"G";"4631";"Ci. di frutta e ortaggi";4
"G";"463100";"Ci. di frutta e ortaggi";6
"G";"4632";"Ci. di carni e di prod. a base di carne";4
"G";"463200";"Ci. di carni e di prod. a base di carne";6
"G";"4633";"Ci. di prod. lattiero-caseari, uova, oli";4
"G";"463300";"Ci. di prod. lattiero-caseari, uova, oli";6
"G";"4634";"Ci. di bevande";4
"G";"463401";"Ci. di vini e liquori";6
"G";"463402";"Ci. di altre bevande";6
"G";"4635";"Ci. di prodotti del tabacco";4
"G";"463500";"Ci. di prodotti del tabacco";6
"G";"4636";"Ci. di zucchero, cioccolato e dolciumi";4
"G";"463600";"Ci. di zucchero, cioccolato e dolciumi";6
"G";"4637";"Ci. di cafè, tè, cacao e spezie";4
"G";"463700";"Ci. di cafè, tè, cacao e spezie";6
"G";"4638";"Ci. di altri prod. alim., inclusi pesci";4
"G";"463800";"Ci. di altri prod. alim., inclusi pesci";6
"G";"4639";"Ci. non spec. di prod. alim., bevande";4
"G";"463900";"Ci. non spec. di prod. alim., bevande";6
"G";"464";"Ci. di beni di consumo";3
"G";"4641";"Ci. di prodotti tessili";4
"G";"464100";"Ci. di prodotti tessili";6
"G";"4642";"Ci. di abb. e di calzature";4
"G";"464201";"Ci. di capi di abbigliamento";6
"G";"464202";"Ci. di calzature";6
"G";"4643";"Ci. di elettrodomestici";4
"G";"464301";"Ci. di elettrodomestici";6
"G";"464302";"Ci. di app. radio e televisori";6
"G";"464303";"Ci. di app. fotografici e cinematograf.";6
"G";"4644";"Ci. di art. di porcellana e di vetro";4
"G";"464400";"Ci. di art. di porcellana e di vetro";6
"G";"4645";"Ci. di profumi e cosmetici";4
"G";"464500";"Ci. di profumi e cosmetici";6
"G";"4646";"Ci. di prod. farmaceutici";4
"G";"464601";"Ci. di prod. farmaceutici";6
"G";"464602";"Ci. di art. med., chirurgici, ortopedici";6
"G";"4647";"Ci. di mobili, tappeti";4
"G";"464700";"Ci. di mobili, tappeti";6
"G";"4648";"Ci. di orologi e gioielleria";4
"G";"464801";"Ci. di orologi";6
"G";"464802";"Ci. di gioielleria";6
"G";"4649";"Ci. di altri beni di consumo";4
"G";"464901";"Ci. di art. di cartoleria, libri";6
"G";"464902";"Ci. di giochi e giocattoli";6
"G";"464903";"Ci. di articoli sportivi";6
"G";"464904";"Ci. di marocchinerie e art. da viaggio";6
"G";"464905";"Ci. di art. da regalo e ogetti ricordo";6
"G";"464906";"Ci. di altri prod. per uso dom. nca";6
"G";"465";"Ci. di apparecchiature ICT";3
"G";"4651";"Ci. di computer, app. inf. periferiche";4
"G";"465101";"Ci. di computer e app. inf. periferiche";6
"G";"465102";"Ci. di software";6
"G";"4652";"Ci. di app. el. e per telecomunicazioni";4
"G";"465200";"Ci. di app. el. e per telecomunicazioni";6
"G";"466";"Ci. di a. macch., attrezz. e forniture";3
"G";"4661";"Ci. di macch., attrezz. forniture agr.";4
"G";"466100";"Ci. di macch., attrezz. forniture agr.";6
"G";"4662";"Ci. di macchine utensili";4
"G";"466200";"Ci. di macchine utensili";6
"G";"4663";"Ci. di macch. per l'estr., l'edilizia";4
"G";"466300";"Ci. di macch. per l'estr., l'edilizia";6
"G";"4664";"Ci. di macch. per l'industria tessile";4
"G";"466400";"Ci. di macch. per l'industria tessile";6
"G";"4665";"Ci. di mobili per ufficio";4
"G";"466500";"Ci. di mobili per ufficio";6
"G";"4666";"Ci. di a. macch., attrezz. per ufficio";4
"G";"466600";"Ci. di a. macch., attrezz. per ufficio";6
"G";"4669";"Ci. di altri macch. e attrezzature";4
"G";"466900";"Ci. di altri macch. e attrezzature";6
"G";"467";"Ci. specializzato di altri prodotti";3
"G";"4671";"Ci. di combustibili solidi, liquidi";4
"G";"467100";"Ci. di combustibili solidi, liquidi";6
"G";"4672";"Ci. di met. e di min. metalliferi";4
"G";"467200";"Ci. di met. e di min. metalliferi";6
"G";"4673";"Ci. di legname, mat. da costruzione";4
"G";"467301";"Ci. di legname e di elem. da costr.";6
"G";"467302";"Ci. di materiali da costruzione";6
"G";"467303";"Ci. di vetro piano";6
"G";"4674";"Ci. di ferramenta, di apparecchi";4
"G";"467400";"Ci. di ferramenta, di apparecchi";6
"G";"4675";"Ci. di prod. chimici";4
"G";"467500";"Ci. di prod. chimici";6
"G";"4676";"Ci. di altri prod. intermedi";4
"G";"467600";"Ci. di altri prod. intermedi";6
"G";"4677";"Ci. di rottami e cascami";4
"G";"467701";"Ci. di pezzi separati di automobili";6
"G";"467702";"Ci. di rottami e cascami";6
"G";"469";"Ci. non specializzato";3
"G";"4690";"Ci. non specializzato";4
"G";"469000";"Ci. non specializzato";6
"G";"47";"Cd. escl. quello di autov. e di motoci.";2
"G";"471";"Cd. in esercizi non specializzati";3
"G";"4711";"Cd. in esercizi non specializzati";4
"G";"471101";"Ipermercati (>2500m2)";6
"G";"471102";"Grandi supermercati (1000-2499 m2)";6
"G";"471103";"Piccoli supermercati (400-999 m2)";6
"G";"471104";"Grandi esercizi (100-399 m2)";6
"G";"471105";"Piccoli esercizi (< 100 m2)";6
"G";"4719";"Cd. in altri esercizi non specializzati";4
"G";"471901";"Grandi magazzini";6
"G";"471902";"Altro cd. in esercizi non spec. nca";6
"G";"472";"Cd. di prodotti alim. bev. e tabacco";3
"G";"4721";"Cd. di frutta e verdura";4
"G";"472100";"Cd. di frutta e verdura";6
"G";"4722";"Cd. di carni e di prod. a base di carne";4
"G";"472200";"Cd. di carni e di prod. a base di carne";6
"G";"4723";"Cd. di pesci, crostacei e molluschi";4
"G";"472300";"Cd. di pesci, crostacei e molluschi";6
"G";"4724";"Cd. di pane, pasticceria e dolciumi";4
"G";"472401";"Cd. di pane, pasticceria e dolciumi";6
"G";"472402";"Panetterie e tea room";6
"G";"4725";"Cd. di bevande in esercizi specializzati";4
"G";"472500";"Cd. di bevande in esercizi specializzati";6
"G";"4726";"Cd. di prod. del tabacco";4
"G";"472600";"Cd. di prod. del tabacco";6
"G";"4729";"Cd. di a. prod. alim. in esercizi spec.";4
"G";"472901";"Cd. di prod. lattiero-caseari e uova";6
"G";"472902";"A. cd. di prod. alim., bevande nca";6
"G";"473";"Cd. di carburante per autotrazione";3
"G";"4730";"Cd. di carburante per autotrazione";4
"G";"473000";"Cd. di carburante per autotrazione";6
"G";"474";"Cd. di app. di info. e comunicazione";3
"G";"4741";"Cd. di computer, unità periferiche";4
"G";"474100";"Cd. di computer, unita periferiche";6
"G";"4742";"Cd. di app. per le telecomunicazioni";4
"G";"474200";"Cd. di app. per le telecomunicazioni";6
"G";"4743";"Cd. di app. audio e video";4
"G";"474300";"Cd. di app. audio e video";6
"G";"475";"Cd.di altri oggetti di uso domestico";3
"G";"4751";"Cd. di prodotti tess. in esercizi spec.";4
"G";"475100";"Cd. di prodotti tess. in esercizi spec.";6
"G";"4752";"Cd. di ferramenta, vernici e vetro";4
"G";"475201";"Cd. specializzato di ferramenta";6
"G";"475202";"Cd. di altri art. di ferramenta, colori";6
"G";"4753";"Cd. di tappeti, scendiletto";4
"G";"475300";"Cd. di tappeti, scendiletto";6
"G";"4754";"Cd. di elettrodomestici";4
"G";"475400";"Cd. di elettrodomestici";6
"G";"4759";"Cd. di mobili, di art. per l'illum.";4
"G";"475901";"Cd. di strumenti musicali";6
"G";"475902";"Cd. di mobili";6
"G";"475903";"Cd. d. art. per uso dom. nca";6
"G";"476";"Cd. di art. culturali e ricreativi";3
"G";"4761";"Cd. di libri in esercizi specializzati";4
"G";"476100";"Cd. di libri in esercizi specializzati";6
"G";"4762";"Cd. di giornali e art. di cartoleria";4
"G";"476201";"Cd. di giornali e periodici; chioschi";6
"G";"476202";"Cd. di art. di cartoleria";6
"G";"4763";"Cd. di registrazioni musicali";4
"G";"476300";"Cd. di registrazioni musicali";6
"G";"4764";"Cd. di articoli sportivi";4
"G";"476401";"Cd.di biciclette";6
"G";"476402";"Cd. di articoli sportivi";6
"G";"4765";"Cd. di giochi e giocattoli";4
"G";"476500";"Cd. di giochi e giocattoli";6
"G";"477";"Cd. di altri prod. in esercizi spec.";3
"G";"4771";"Cd. di art. di abb. in esercizi spec.";4
"G";"477101";"Cd. di confezioni per donna";6
"G";"477102";"Cd. di confezioni per uomo";6
"G";"477103";"Cd. di conf. per bambini e neonati";6
"G";"477104";"Cd. di pellicce";6
"G";"477105";"Cd. d'acc. di abb., di art. di abb. s.p.";6
"G";"4772";"Cd. di calzature e art. in pelle";4
"G";"477201";"Cd. di calzature";6
"G";"477202";"Cd. di articoli di pelletteria";6
"G";"4773";"Cd. di medicinali in esercizi spec.";4
"G";"477300";"Cd. di medicinali in esercizi spec.";6
"G";"4774";"Cd. di art. med. e ortopedici";4
"G";"477400";"Cd. di art. med. e ortopedici";6
"G";"4775";"Cd. di cosm. e di art. di profumeria";4
"G";"477501";"Drogherie";6
"G";"477502";"Profumerie e a. cd. di cosm., profumi";6
"G";"4776";"Cd. di fiori, piante, semi, fetilizzanti";4
"G";"477601";"Cd. di cereali, alimenti per il bestiame";6
"G";"477602";"Cd. di fiori e piante";6
"G";"477603";"Cd. di anim. dom. e acc. per anim. dom.";6
"G";"4777";"Cd. di orologi e art. di gioielleria";4
"G";"477700";"Cd. di orologi e art. di gioielleria";6
"G";"4778";"Cd. di altri prodotti";4
"G";"477801";"Cd. di combustibili e carburanti";6
"G";"477802";"Cd. di occhiali e art. simili";6
"G";"477803";"Cd. di art. fotografici";6
"G";"477804";"Cd. di art. da regalo e oggetti ricordo";6
"G";"477805";"Cd. di oggetti d'arte";6
"G";"477806";"Cd. di altri prod. in esercizi spec. nca";6
"G";"4779";"Cd. di art. di seconda mano";4
"G";"477901";"Cd. di oggetti d'antiquariato";6
"G";"477902";"Cd. di altri art. di seconda mano nca";6
"G";"478";"Cd. ambulante in bancarelle e mercati";3
"G";"4781";"Cd. ambulante in bancarelle";4
"G";"478100";"Cd. ambulante in bancarelle";6
"G";"4782";"Cd. ambulante in bancarelle";4
"G";"478200";"Cd. ambulante in bancarelle";6
"G";"4789";"Cd. ambulante in bancarelle";4
"G";"478900";"Cd. ambulante in bancarelle";6
"G";"479";"Cd. al di fuori dei negozi";3
"G";"4791";"Cd. per corrisp. o attraverso Internet";4
"G";"479100";"Cd. per corrisp. o attraverso Internet";6
"G";"4799";"Altri tipi di cd. al di fuori dei negozi";4
"G";"479900";"Altri tipi di cd. al di fuori dei negozi";6
"H";"0";"TRASP. E MAGAZZINAGGIO";1
"H";"49";"Trasp. terrestre e trasp. mediante cond.";2
"H";"491";"Trasp. ferroviario di passeggeri";3
"H";"4910";"Trasp. ferroviario di passeggeri";4
"H";"491000";"Trasp. ferroviario di passeggeri";6
"H";"492";"Trasp. ferroviairo di merci";3
"H";"4920";"Trasp. ferroviairo di merci";4
"H";"492000";"Trasp. ferroviairo di merci";6
"H";"493";"Altri trasp. terrestri di passeggeri";3
"H";"4931";"Trasp. terrestre di pass. in aree urbane";4
"H";"493100";"Trasp. terrestre di pass. in aree urbane";6
"H";"4932";"Trasporto con taxi";4
"H";"493200";"Trasporto con taxi";6
"H";"4939";"Altri trasp. terrestri di pass. nca";4
"H";"493901";"Trasp. terrestri non regolari di pass.";6
"H";"493902";"Trasp. regol. reg. e interurb. d. viag.";6
"H";"493903";"Trasp. mediante teleferiche";6
"H";"494";"Trasp. di merci su strada";3
"H";"4941";"Trasp. di merci su strada";4
"H";"494100";"Trasp. di merci su strada";6
"H";"4942";"Servizi di trasloco";4
"H";"494200";"Servizi di trasloco";6
"H";"495";"Trasp. mediante condotte";3
"H";"4950";"Trasp. mediante condotte";4
"H";"495000";"Trasp. mediante condotte";6
"H";"50";"Trasp. marittimi e per vie d'acqua";2
"H";"501";"Trasp. marittimo e costiero di pass.";3
"H";"5010";"Trasp. marittimo e costiero di pass.";4
"H";"501000";"Trasp. marittimo e costiero di pass.";6
"H";"502";"Trasp. marittimo e costiero di merci";3
"H";"5020";"Trasp. marittimo e costiero di merci";4
"H";"502000";"Trasp. marittimo e costiero di merci";6
"H";"503";"Trasp. di pass. per vie d'acqua interne";3
"H";"5030";"Trasp. di pass. per vie d'acqua interne";4
"H";"503000";"Trasp. di pass. per vie d'acqua interne";6
"H";"504";"Trasp. di merci per vie d'acqua interne";3
"H";"5040";"Trasp. di merci per vie d'acqua interne";4
"H";"504000";"Trasp. di merci per vie d'acqua interne";6
"H";"51";"Trasporto aereo";2
"H";"511";"Trasp. aereo di passeggeri";3
"H";"5110";"Trasp. aereo di passeggeri";4
"H";"511000";"Trasp. aereo di passeggeri";6
"H";"512";"Trasp. aereo di merci e trasp. spaziale";3
"H";"5121";"Trasp. aereo di merci";4
"H";"512100";"Trasp. aereo di merci";6
"H";"5122";"Trasp. spaziale";4
"H";"512200";"Trasp. spaziale";6
"H";"52";"Magaz. e att. di supporto ai trasporti";2
"H";"521";"Magazzinaggio e custodia";3
"H";"5210";"Magazzinaggio e custodia";4
"H";"521000";"Magazzinaggio e custodia";6
"H";"522";"Att. di supporto ai trasporti";3
"H";"5221";"Att. dei serv. conn. al trasp. terrestre";4
"H";"522100";"Att. dei serv. conn. al trasp. terrestre";6
"H";"5222";"Att. dei serv. conn. al trasp. marittimo";4
"H";"522200";"Att. dei serv. conn. al trasp. marittimo";6
"H";"5223";"Att. dei serv. conn. al trasp. aereo";4
"H";"522300";"Att. dei serv. conn. al trasp. aereo";6
"H";"5224";"Movimentazione merci";4
"H";"522400";"Movimentazione merci";6
"H";"5229";"A. att. di supporto connesse ai trasp.";4
"H";"522900";"A. att. di supporto connesse ai trasp.";6
"H";"53";"Serv. postali e att. di corriere";2
"H";"531";"Att. postali con obbligo di serv. univ.";3
"H";"5310";"Att. postali con obbligo di serv. univ.";4
"H";"531000";"Att. postali con obbligo di serv. univ.";6
"H";"532";"Altre att. postali e di corriere";3
"H";"5320";"Altre att. postali e di corriere";4
"H";"532000";"Altre att. postali e di corriere";6
"I";"0";"SERV. DI ALLOGGIO E DI RIST.";1
"I";"55";"Servizi di alloggio";2
"I";"551";"Alberghi e alloggio simili";3
"I";"5510";"Alberghi e alloggio simili";4
"I";"551001";"Alberghi, locande e pens. con rist.";6
"I";"551002";"Alberghi, locande e pens. senza rist.";6
"I";"551003";"Amm. e gestione di alberghi";6
"I";"552";"Alloggi per vacanze per brevi soggiorni";3
"I";"5520";"Alloggi per vacanze per brevi soggiorni";4
"I";"552001";"Appart. e case di vacanza";6
"I";"552002";"Alloggi collettivi";6
"I";"552003";"Amm. e gestione di case di vacanza";6
"I";"553";"Aree di camp. e aree attrezz. per camper";3
"I";"5530";"Aree di camp. e aree attrezz. per camper";4
"I";"553001";"Campeggi";6
"I";"553002";"Amm. e gestione di campeggi";6
"I";"559";"Altri alloggi";3
"I";"5590";"Altri alloggi";4
"I";"559000";"Altri alloggi";6
"I";"56";"Att. di serv. di ristorazione";2
"I";"561";"Rist. e att. di ristorazione mobile";3
"I";"5610";"Rist. e att. di ristorazione mobile";4
"I";"561001";"Rist., loc. per la piccola ristorazione";6
"I";"561002";"Rist. con possibilità di alloggio";6
"I";"561003";"Amm. e gest. di stab. attivi nella rist.";6
"I";"562";"Catering per eventi e a. serv. di rist.";3
"I";"5621";"Catering per eventi";4
"I";"562100";"Catering per eventi";6
"I";"5629";"Altri servizi di ristorazione";4
"I";"562900";"Altri servizi di ristorazione";6
"I";"563";"Somministrazione di bevande";3
"I";"5630";"Somministrazione di bevande";4
"I";"563001";"Bar";6
"I";"563002";"Discoteche, sale da ballo, night club";6
"J";"0";"SERV. DI INFO. E COMUNICAZIONE";1
"J";"58";"Att. editoriali";2
"J";"581";"Ed. di libri, periodici e a. att. edit.";3
"J";"5811";"Edizione di libri";4
"J";"581100";"Edizione di libri";6
"J";"5812";"Pubbl. di elenchi e mailing list";4
"J";"581200";"Pubbl. di elenchi e mailing list";6
"J";"5813";"Edizione di quotidiani";4
"J";"581300";"Edizione di quotidiani";6
"J";"5814";"Edizione di riviste e periodici";4
"J";"581400";"Edizione di riviste e periodici";6
"J";"5819";"Altre att. editoriali";4
"J";"581900";"Altre att. editoriali";6
"J";"582";"Edizione di software";3
"J";"5821";"Ed. di giochi per computer";4
"J";"582100";"Ed. di giochi per computer";6
"J";"5829";"Edizione di altri software";4
"J";"582900";"Edizione di altri software";6
"J";"59";"Att. di prod. cinematografica";2
"J";"591";"Att. di prod. cinematografica";3
"J";"5911";"Att. di prod. cinematografica";4
"J";"591100";"Att. di prod. cinematografica";6
"J";"5912";"Att. di postprod. cinematografica";4
"J";"591200";"Att. di postproduzione cinematograf.";6
"J";"5913";"Att. di distr. cinematografica";4
"J";"591300";"Att. di distr. cinematografica";6
"J";"5914";"Att. di proiezione cinematografica";4
"J";"591400";"Att. di proiezione cinematografica";6
"J";"592";"Att. di reg. sonora e dell'edit. mus.";3
"J";"5920";"Att. di reg. sonora e dell'edit. mus.";4
"J";"592000";"Att. di reg. sonora e dell'edit. mus.";6
"J";"60";"Att. di progr. e trasmissione";2
"J";"601";"Trasmissioni radiofoniche";3
"J";"6010";"Trasmissioni radiofoniche";4
"J";"601000";"Trasmissioni radiofoniche";6
"J";"602";"Att. di progr. e trasm. televisive";3
"J";"6020";"Att. di progr. e trasm. televisive";4
"J";"602000";"Trasm. tele. e progr. per abbonati";6
"J";"61";"Telecomunicazioni";2
"J";"611";"Telecomunicazioni fisse";3
"J";"6110";"Telecomunicazioni fisse";4
"J";"611000";"Telecomunicazioni fisse";6
"J";"612";"Telecomunicazioni mobili";3
"J";"6120";"Telecomunicazioni mobili";4
"J";"612000";"Telecomunicazioni mobili";6
"J";"613";"Telecomunicazioni satellitari";3
"J";"6130";"Telecomunicazioni satellitari";4
"J";"613000";"Telecomunicazioni satellitari";6
"J";"619";"Altre att. di telecomunicazione";3
"J";"6190";"Altre att. di telecomunicazione";4
"J";"619000";"Altre att. di telecomunicazione";6
"J";"62";"Progr., consulenza informatica";2
"J";"620";"Progr., consulenza informatica";3
"J";"6201";"Att. di progr. informatica";4
"J";"620100";"Att. di programazione informatica";6
"J";"6202";"Att. di consulenza informatica";4
"J";"620200";"Att. di consulenza informatica";6
"J";"6203";"Gestione di strutt. informatizzate";4
"J";"620300";"Gestione di strutt. informatizzate";6
"J";"6209";"A. att. d. serv. conn. a. tecn. d. info.";4
"J";"620900";"A. att. d. serv. conn. a. tecn. d. info.";6
"J";"63";"Att. dei serv. di informazione";2
"J";"631";"Elab. dei dati, hosting e att. connesse";3
"J";"6311";"Elab. dei dati, hosting e att. connesse";4
"J";"631100";"Elab. dei dati, hosting e att. connesse";6
"J";"6312";"Portali web";4
"J";"631200";"Portali web";6
"J";"639";"Altre att. dei serv. di informazione";3
"J";"6391";"Att. delle agenzie di stampa";4
"J";"639100";"Att. delle agenzie di stampa";6
"J";"6399";"Altre att. dei servizi di info. nca";4
"J";"639900";"Altre att. dei servizi di info. nca";6
"K";"0";"ATT. FINANZIARIE E ASSIC.";1
"K";"64";"Prestazione di servizi fin.";2
"K";"641";"Intermediazione monetaria";3
"K";"6411";"Att. delle banche centrali";4
"K";"641100";"Banca nazionale svizzera";6
"K";"6419";"Altre intermed. monetarie";4
"K";"641901";"Istituti a statuto speciale";6
"K";"641902";"Banche cantonali";6
"K";"641903";"Grandi banche";6
"K";"641904";"Banche reg. e casse di risparmio";6
"K";"641905";"Banche Raiffeisen";6
"K";"641906";"Banche commerciali";6
"K";"641907";"Istituti spec. nelle operazione di borsa";6
"K";"641908";"Banche controllate da capitale estero";6
"K";"641909";"Filiali di banche estere";6
"K";"641910";"Banche private";6
"K";"641911";"Altre banche";6
"K";"641912";"A. intermed. monetarie nca";6
"K";"642";"Att. delle società di partecipazione";3
"K";"6420";"Att. delle società di partecipazione";4
"K";"642001";"Att. d. società di partecipazione fin.";6
"K";"642002";"Att. d. società di altre partecipazione";6
"K";"643";"Trust, fondi e analoghi enti finanziari";3
"K";"6430";"Trust, fondi e anlaloghi enti finanziari";4
"K";"643000";"Trust, fondi e anlaloghi enti finanziari";6
"K";"649";"Altre prestazioni di servizi fin.";3
"K";"6491";"Leasing finanziario";4
"K";"649100";"Leasing finanziario";6
"K";"6492";"Altre attività creditizie";4
"K";"649201";"Istituti di credito al consumo";6
"K";"649202";"Altri istituti di credito speciale";6
"K";"6499";"Altre prestazioni di servizi fin.";4
"K";"649901";"Società d'investimento";6
"K";"649902";"Att. di tresoreria in un grup. d'impresa";6
"K";"649903";"Altri istituti finanziari nca";6
"K";"65";"Assic., riassicurazioni e fondi pensione";2
"K";"651";"Assicurazioni";3
"K";"6511";"Assicurazioni sulla vita";4
"K";"651100";"Assicurazioni sulla vita";6
"K";"6512";"Assic. diverse. da quelle sulla vita";4
"K";"651201";"Assic. contro gli infortuni (INSAI)";6
"K";"651202";"Assic. contro gli infortuni e i danni";6
"K";"651203";"Casse malati";6
"K";"651204";"Altre assic. nca";6
"K";"652";"Riassicurazioni";3
"K";"6520";"Riassicurazioni";4
"K";"652000";"Riassicurazioni";6
"K";"653";"Fondi pensione";3
"K";"6530";"Fondi pensione";4
"K";"653000";"Fondi pensione";6
"K";"66";"Att. aus. d. serv. fin. e d. att. assic.";2
"K";"661";"Att. aus. d. serv. fin., escl. le assic.";3
"K";"6611";"Amm. di mercati finanziari";4
"K";"661100";"Amm. di mercati finanziari";6
"K";"6612";"Att. di neg. di contrat. relat. a titoli";4
"K";"661200";"Att. di neg. di contrat. relat. a titoli";6
"K";"6619";"Altre att. aus. dei serv. finanziari";4
"K";"661900";"Altre att. aus. dei serv. finanziari";6
"K";"662";"Att. aus. d. assic. e dei fondi pensione";3
"K";"6621";"Valutazione dei rischi e dei danni";4
"K";"662100";"Valutazione dei rischi e dei danni";6
"K";"6622";"Att. di agenti e intermediari d. assic.";4
"K";"662200";"Att. di agenti e intermediari d. assic.";6
"K";"6629";"Altre att. aus. delle assicurazioni";4
"K";"662901";"Casse di compensazione";6
"K";"662902";"A. att. d. assic. e d. fondi pens. nca";6
"K";"663";"Att. di gestione di fondi";3
"K";"6630";"Att. di gestione di fondi";4
"K";"663001";"Gestione di fondi";6
"K";"663002";"Att. di gestione dei fondi";6
"L";"0";"ATTIVITÀ IMM.";1
"L";"68";"Attività immobiliari";2
"L";"681";"Compravendita di beni imm.";3
"L";"6810";"Compravendita di beni imm.";4
"L";"681000";"Compravendita di beni imm.";6
"L";"682";"Affitto e gest. di beni imm. propri";3
"L";"6820";"Affitto e gest. di beni imm. propri";4
"L";"682001";"Affitto e gest. di terreni propri";6
"L";"682002";"Affitto e gestione di abit. proprie";6
"L";"683";"Att. immobiliari per conto terzi";3
"L";"6831";"Agenzie di mediazione imm.";4
"L";"683100";"Agenzie di mediazione imm.";6
"L";"6832";"Gestione di immobili per conto terzi";4
"L";"683200";"Gestione di immobili per conto terzi";6
"M";"0";"ATT. PROF., SCIENTIFICHE E TECN.";1
"M";"69";"Attività legali e contabilità";2
"M";"691";"Attività degli studi legali";3
"M";"6910";"Attività degli studi legali";4
"M";"691001";"Attività degli studi legali e notarili";6
"M";"691002";"Consulenza legale in proprietà ind.";6
"M";"692";"Contabilità, contr. e rev. contabile";3
"M";"6920";"Contabilità, contr. e rev. contabile";4
"M";"692000";"Contabilità, contr. e rev. contabile";6
"M";"70";"Att. di sedi centrali; consul. gest.";2
"M";"701";"Attività di sedi centrali";3
"M";"7010";"Attività di sedi centrali";4
"M";"701001";"Att. delle sedi centrali d. società fin.";6
"M";"701002";"Att. delle sedi centrali d. a. società";6
"M";"702";"Att. di consulenza gestionale";3
"M";"7021";"Pubbliche relazioni e comunicazione";4
"M";"702100";"Pubbliche relazioni e comunicazione";6
"M";"7022";"A. att. di consulenza amm.-gestionale";4
"M";"702200";"A. att. di consulenza amm.-gestionale";6
"M";"71";"Att. d. studi di architettura e d'ing.";2
"M";"711";"Att. d. studi di architettura";3
"M";"7111";"Att. degli studi di architettura";4
"M";"711101";"Studi di architettura";6
"M";"711102";"Studi di pianificazione territoriale";6
"M";"711103";"Studi di architettura del paesaggio";6
"M";"7112";"Att. d. studi d'ing. ed a. studi tecnici";4
"M";"711201";"Studi d'ingegneria civile";6
"M";"711202";"Studi d'ing. e d. impianti tecnici edili";6
"M";"711203";"Altri studi d'ingegneria";6
"M";"711204";"Studi di geometri";6
"M";"711205";"A. att. di consulenza tecnica";6
"M";"712";"Collaudi e analisi tecniche";3
"M";"7120";"Collaudi e analisi tecniche";4
"M";"712000";"Collaudi e analisi tecniche";6
"M";"72";"Ricerca scientifica e sviluppo";2
"M";"721";"R-S sperim. nel campo d. scienze nat.";3
"M";"7211";"R-S sperim. nel set. della biotecnologia";4
"M";"721100";"R-S sperim. nel set. della biotecnologia";6
"M";"7219";"A. R-S sperim. nel campo d. scienze nat.";4
"M";"721900";"A. R-S sperim. nel campo d. scienze nat.";6
"M";"722";"R-S sperim. nel campo d. scienze soc.";3
"M";"7220";"R-S sperim. nel campo d. scienze soc.";4
"M";"722000";"R-S sperim. nel campo d. scienze soc.";6
"M";"73";"Pubblicità e ricerche di mercato";2
"M";"731";"Pubblicità";3
"M";"7311";"Agenzie pubblicitarie";4
"M";"731100";"Agenzie pubblicitarie";6
"M";"7312";"Att. d. concessionarie pubblicitarie";4
"M";"731200";"Att. d. concessionarie pubblicitarie";6
"M";"732";"Ricerche di mercato, sond. di opinione";3
"M";"7320";"Ricerche di mercato, sond. di opinione";4
"M";"732000";"Ricerche di mercato, sond. di opinione";6
"M";"74";"A. att. prof., scientifiche e tecniche";2
"M";"741";"Attività di design specializzate";3
"M";"7410";"Attività di design specializzate";4
"M";"741001";"Design ind. e dei prodotti";6
"M";"741002";"Design grafico e comunicazione visiva";6
"M";"741003";"Architettura d'interni, design d. spazio";6
"M";"742";"Attività fotografiche";3
"M";"7420";"Attività fotografiche";4
"M";"742001";"Studi fotografici";6
"M";"742002";"Laboratori fotografici";6
"M";"743";"Traduzioni e interpretariato";3
"M";"7430";"Traduzioni e interpretariato";4
"M";"743000";"Traduzioni e interpretariato";6
"M";"749";"A. att. prof., scientifiche e tecn. nca";3
"M";"7490";"A. att. prof., scientifiche e tecn. nca";4
"M";"749000";"A. att. prof., scientifiche e tecn. nca";6
"M";"75";"Servizi veterinari";2
"M";"750";"Servizi veterinari";3
"M";"7500";"Servizi veterinari";4
"M";"750000";"Servizi veterinari";6
"N";"0";"ATT. AMM. E DI SERV. DI SUPPORTO";1
"N";"77";"Att. di noleggio e leasing";2
"N";"771";"Noleggio e leasing di autov.";3
"N";"7711";"Nol. e leasing di automobili e autov.";4
"N";"771100";"Nol. e leasing di automobili e autov.";6
"N";"7712";"Noleggio e leasing di autocarri";4
"N";"771200";"Noleggio e leasing di autocarri";6
"N";"772";"Nol. e leasing di beni per uso pers.";3
"N";"7721";"Noleggio e leasing di art. sportivi";4
"N";"772100";"Noleggio e leasing di art. sportivi";6
"N";"7722";"Noleggio di videocassette e dischi";4
"N";"772200";"Noleggio di videocassette, DVD";6
"N";"7729";"Nol. e leasing di a. beni per uso pers.";4
"N";"772900";"Nol. e leasing di a. beni per uso pers.";6
"N";"773";"Nol. e leasing di altre macchine";3
"N";"7731";"Nol. e leasing di macch. e attrezz. agr.";4
"N";"773100";"Nol. e leasing di macch. e attrezz. agr.";6
"N";"7732";"Noleggio e leasing di macchine";4
"N";"773200";"Noleggio e leasing di macchine";6
"N";"7733";"Noleggio e leasing di macchine";4
"N";"773300";"Noleggio e leasing di macchine";6
"N";"7734";"Nol., leasing di mezzi di trasp. maritt.";4
"N";"773400";"Nol., leasing di mezzi di trasp. maritt.";6
"N";"7735";"Nol. e leasing di mezzi di trasp. aerei";4
"N";"773500";"Nol. e leasing di mezzi di trasp. aerei";6
"N";"7739";"Nol. e leasing di altre macchine";4
"N";"773900";"Nol. e leasing di altre macchine";6
"N";"774";"Leasing di prod. di proprietà intellet.";3
"N";"7740";"Leasing di prod. di proprietà intellet.";4
"N";"774000";"Leasing di prod. di proprietà intellet.";6
"N";"78";"Att. di ricerca, selez. fornit. di pers.";2
"N";"781";"Att. di agenzie di collocamento";3
"N";"7810";"Att. di agenzie di collocamento";4
"N";"781000";"Att. di agenzie di collocamento";6
"N";"782";"Att. di agenzie di lav. interinale";3
"N";"7820";"Att. di agenzie di lav. interinale";4
"N";"782000";"Att. di agenzie di lav. interinale";6
"N";"783";"Altre att. di fornitura di risorse umane";3
"N";"7830";"Altre att. di fornitura di risorse umane";4
"N";"783000";"Altre att. di fornitura di risorse umane";6
"N";"79";"Att. dei serv. delle agenzie di viaggio";2
"N";"791";"Att. delle agenzie di viaggio";3
"N";"7911";"Att. delle agenzie di viaggio";4
"N";"791100";"Att. delle agenzie di viaggio";6
"N";"7912";"Att. dei tour operator";4
"N";"791200";"Att. dei tour operator";6
"N";"799";"A. serv. di prenotazione e att. conn.";3
"N";"7990";"A. serv. di prenotazione e att. conn.";4
"N";"799001";"Serv. di prenot. per alloggi turistici";6
"N";"799002";"A. serv. di prenotazione e att. conn.";6
"N";"80";"Serv. di investigazione e vigilanza";2
"N";"801";"Servizi di vigilanza privata";3
"N";"8010";"Servizi di vigilanza privata";4
"N";"801000";"Servizi di vigilanza privata";6
"N";"802";"Att. d. serv. conn. ai sistemi di vigil.";3
"N";"8020";"Att. d. serv. conn. ai sistemi di vigil.";4
"N";"802000";"Att. d. serv. conn. ai sistemi di vigil.";6
"N";"803";"Servizi investigativi";3
"N";"8030";"Servizi investigativi";4
"N";"803000";"Servizi investigativi";6
"N";"81";"Att. di serv. per edif. e per paesaggio";2
"N";"811";"Serv. di assistenza integrata agli edif.";3
"N";"8110";"Serv. di assistenza integrata agli edif.";4
"N";"811000";"Serv. di assistenza integrata agli edif.";6
"N";"812";"Attività di pulizia";3
"N";"8121";"Att. di pulizia generale di edifici";4
"N";"812100";"Pulizia generale di edifici";6
"N";"8122";"A. att. di pulizia ind. e di edifici";4
"N";"812201";"Pulizia di camini";6
"N";"812202";"A. att. di pulizia ind. e di edifici";6
"N";"8129";"Altre attività di pulizia";4
"N";"812900";"Altre attività di pulizia";6
"N";"813";"Att. di sistemazione del paesaggio";3
"N";"8130";"Att. di sistemazione del paesaggio";4
"N";"813000";"Att. di sistemazione del paesaggio";6
"N";"82";"Att. amm. e di supporto";2
"N";"821";"Att. amm. e di supporto";3
"N";"8211";"Servizi amm. integrati";4
"N";"821100";"Servizi amministrativi integrati";6
"N";"8219";"Serv. di fotocopiatura, prep. di doc.";4
"N";"821901";"Servizi di segreteria";6
"N";"821902";"Stampa rapida";6
"N";"822";"Attività dei call center";3
"N";"8220";"Attività dei call center";4
"N";"822000";"Attività dei call center";6
"N";"823";"Organ. di convegni e fiere";3
"N";"8230";"Organ. di convegni e fiere";4
"N";"823000";"Organ. di convegni e fiere";6
"N";"829";"Serv. di supporto alle imprese nca";3
"N";"8291";"Att. di agenzie di recupero crediti";4
"N";"829100";"Att. di agenzie di recupero crediti";6
"N";"8292";"Attività di imballaggio";4
"N";"829200";"Attività di imballaggio";6
"N";"8299";"A. serv. di supporto alle imprese nca";4
"N";"829900";"A. serv. di supporto alle imprese nca";6
"O";"0";"AMM. PUBBLICA E DIFESA";1
"O";"84";"Amm. pubbl. e difesa; assic. soc. obbli.";2
"O";"841";"Amm. pubbl.: amm. gen., econ. e sociale";3
"O";"8411";"Att. gen. di amministrazione pubblica";4
"O";"841100";"Att. gen. di amministrazione pubblica";6
"O";"8412";"Amm. pubbl. d. sanità, d. istr. d. cult.";4
"O";"841200";"Amm. pubbl. d. sanità, d. istr. d. cult.";6
"O";"8413";"Amm. pubbl. riv. a. regol. d. att. econ.";4
"O";"841300";"Amm. pubbl. riv. a. regol. d. att. econ.";6
"O";"842";"Affari esteri, difesa, giustizia, sicur.";3
"O";"8421";"Affari esteri";4
"O";"842100";"Affari esteri";6
"O";"8422";"Difesa nazionale";4
"O";"842201";"Difesa";6
"O";"842202";"Protezione civile";6
"O";"8423";"Giustizia e attività giudiziarie";4
"O";"842301";"Amm. della giustizia, tribunali";6
"O";"842302";"Att. degli stabilimenti penitenziari";6
"O";"8424";"Ordine pubbl. e sicurezza nazionale";4
"O";"842400";"Ordine pubbl. e sicurezza nazionale";6
"O";"8425";"Attività dei vigili del fuoco";4
"O";"842500";"Attività dei vigili del fuoco";6
"O";"843";"Assic. sociale obbligatoria";3
"O";"8430";"Assic. sociale obbligatoria";4
"O";"843000";"Assicurazione AVS, AI, AD";6
"P";"0";"ISTRUZIONE";1
"P";"85";"Istruzione";2
"P";"851";"Istruzione prescolastica";3
"P";"8510";"Istruzione prescolastica";4
"P";"851000";"Istruzione prescolastica";6
"P";"852";"Istruzione primaria";3
"P";"8520";"Istruzione primaria";4
"P";"852001";"Scuole elementari";6
"P";"852002";"Scuole con progr. d'insegnamento spec.";6
"P";"852003";"Scuole obbligatorie nca";6
"P";"853";"Istruzione secondaria";3
"P";"8531";"Istr. secondaria di formazione generale";4
"P";"853101";"Scuole secondarie di primo grado";6
"P";"853102";"Scuole di prep. alla maturità";6
"P";"853103";"Scuole di formazione gen. di sec. grado";6
"P";"8532";"Istruzione sec. tecnica e professionale";4
"P";"853200";"Istruzione sec. di formazione prof.";6
"P";"854";"Istr. universitaria e post-universitaria";3
"P";"8541";"Istruzione superiore non universitaria";4
"P";"854100";"Istruzione superiore non universitaria";6
"P";"8542";"Istruzione universitaria";4
"P";"854201";"Istituti superiori universitari";6
"P";"854202";"Scuole universitarie prof.";6
"P";"854203";"Formazione professionale superiore";6
"P";"855";"Altri servizi d'istruzione";3
"P";"8551";"Corsi sportivi e ricreativi";4
"P";"855100";"Corsi sportivi e ricreativi";6
"P";"8552";"Formazione culturale";4
"P";"855200";"Formazione culturale";6
"P";"8553";"Attività di scuole guida";4
"P";"855300";"Attività di scuole guida";6
"P";"8559";"Altri serv. d'istruzione nca";4
"P";"855901";"Istruzione linguistica";6
"P";"855902";"Istruzione informatica";6
"P";"855903";"Perfezionamento prof., form. d. adulti";6
"P";"855904";"Altri servizi d'istruzione nca";6
"P";"856";"Serv. di supporto all'istruzione";3
"P";"8560";"Serv. di supporto all'istruzione";4
"P";"856000";"Serv. di supporto all'istruzione";6
"Q";"0";"SANITÀ E ASSIST. SOC.";1
"Q";"86";"Att. dei servizi sanitari";2
"Q";"861";"Servizi ospedalieri";3
"Q";"8610";"Servizi ospedalieri";4
"Q";"861001";"Ospedali generali";6
"Q";"861002";"Cliniche specializzate";6
"Q";"862";"Serv. d. studi medici ed odontoiatrici";3
"Q";"8621";"Serv. d. ambulatori di medicina gen.";4
"Q";"862100";"Serv. degli studi medici generici";6
"Q";"8622";"Serv. degli studi medici specialistici";4
"Q";"862200";"Serv. degli studi medici specialistici";6
"Q";"8623";"Serv. degli studi odontoiatrici";4
"Q";"862300";"Serv. degli studi medico-dentistici";6
"Q";"869";"Altri serv. di assistenza sanitaria";3
"Q";"8690";"Altri serv. di assistenza sanitaria";4
"Q";"869001";"Psicoterapia e psicologia";6
"Q";"869002";"Fisioterapia";6
"Q";"869003";"Att. d'infermiere, cure a domicilio";6
"Q";"869004";"Att. di ostretiche e levatrici";6
"Q";"869005";"Altre attività paramediche";6
"Q";"869006";"Laboratori di analisi cliniche";6
"Q";"869007";"Altre attività sanitarie nca";6
"Q";"87";"Serv. di assistenza residenziale";2
"Q";"871";"Att. di assist. infermieristica resid.";3
"Q";"8710";"Att. di assist. infermieristica resid.";4
"Q";"871000";"Case di cura medicalizzate";6
"Q";"872";"Serv. di assist. resid. per rit. mentali";3
"Q";"8720";"Serv. di assist. resid. per rit. mentali";4
"Q";"872001";"Istituti per tossicomani";6
"Q";"872002";"Ist.per il tratt. di casi psico-sociali";6
"Q";"873";"Serv. di assist. resid. per anziani";3
"Q";"8730";"Serv. di assist. resid. per anziani";4
"Q";"873001";"Case per anziani";6
"Q";"873002";"Istituti per handicappati";6
"Q";"879";"Altre att. di assist. residenziale";3
"Q";"8790";"Altre att. di assist. residenziale";4
"Q";"879001";"Istituti per bambini e adolescenti";6
"Q";"879002";"Centri di rieducazione";6
"Q";"879003";"Altre forme di assist. sociale resid.";6
"Q";"88";"Assist. sociale non residenziale";2
"Q";"881";"Assist. soc. non resid. per anziani";3
"Q";"8810";"Assist. soc. non resid. per anziani";4
"Q";"881000";"Assist. soc. non resid. per anziani";6
"Q";"889";"Altre att. di assist. soc. non resid.";3
"Q";"8891";"Assist. per bambini in età prescolare";4
"Q";"889100";"Asili-nido, strutt. per bambini";6
"Q";"8899";"A. att. di assist. soc. non resid. nca";4
"Q";"889901";"Centri sociali, organ. caritative";6
"Q";"889902";"Altre forme di assist. sociale nca";6
"R";"0";"ATT. ARTISTICHE, DI INTRATT.";1
"R";"90";"Att. creative, artistiche e di intratt.";2
"R";"900";"Att. creative, artistiche e di intratt.";3
"R";"9001";"Rappresentazioni artistiche";4
"R";"900101";"Rappresent. teatrali e di balletti";6
"R";"900102";"Att. di orchestre, cori, musicisti";6
"R";"9002";"Att. di supporto a. rappresent. artist.";4
"R";"900200";"Att. di supporto a. rappresent. artist.";6
"R";"9003";"Creazioni artistiche";4
"R";"900301";"Att. di pittori, scult., artist. indip.";6
"R";"900302";"A. att. artistiche e letterarie";6
"R";"900303";"Giornalisti indipendenti";6
"R";"9004";"Gest. di strutture artistiche";4
"R";"900400";"Gest. di strutture artistiche";6
"R";"91";"Att. di biblioteche, archivi, musei";2
"R";"910";"Att. di biblioteche, archivi, musei";3
"R";"9101";"Att. di biblioteche e archivi";4
"R";"910100";"Att. di biblioteche e archivi";6
"R";"9102";"Attività dei musei";4
"R";"910200";"Attività dei musei";6
"R";"9103";"Gest. di luoghi e monumenti storici";4
"R";"910300";"Gest. di luoghi e monumenti storici";6
"R";"9104";"Att. degli orti botanici";4
"R";"910400";"Att. degli orti botanici";6
"R";"92";"Att. riguardanti scommesse";2
"R";"920";"Att. riguardanti scommesse";3
"R";"9200";"Att. riguardanti scommesse";4
"R";"920000";"Att. riguardanti scommesse";6
"R";"93";"Att. sportive, di intrattenimento";2
"R";"931";"Attività sportive";3
"R";"9311";"Gest. d'impianti sportivi";4
"R";"931100";"Gest. d'impianti sportivi";6
"R";"9312";"Att. di club sportivi";4
"R";"931200";"Associazioni sportive";6
"R";"9313";"Palestre";4
"R";"931300";"Istituti di ginnastica e fitness";6
"R";"9319";"Altre att. sportive";4
"R";"931900";"Altre att. sportive";6
"R";"932";"Att. di intrattenimento";3
"R";"9321";"Att. dei parchi di divertimento";4
"R";"932100";"Att. dei parchi di divertimento";6
"R";"9329";"Altre att. di intrattenimento";4
"R";"932900";"Altre att. di intrattenimento";6
"S";"0";"ALTRE ATT. DI SERVIZI";1
"S";"94";"Att. di organ. associative";2
"S";"941";"Att. di organ. economiche";3
"S";"9411";"Att. di organ. economiche";4
"S";"941100";"Att. di organ. economiche";6
"S";"9412";"Att. di organ. associative professionali";4
"S";"941200";"Att. di organ. associative professionali";6
"S";"942";"Attività dei sindacati";3
"S";"9420";"Attività dei sindacati";4
"S";"942000";"Attività dei sindacati";6
"S";"949";"Att. di altre organ. associative";3
"S";"9491";"Att. delle organ. religiose";4
"S";"949101";"Parrocchie, curie e organ. religiose";6
"S";"949102";"Conventi e congregazioni religiose";6
"S";"9492";"Att. delle organizzazioni politiche";4
"S";"949200";"Att. delle organizzazioni politiche";6
"S";"9499";"Att. di altre organ. associative nca";4
"S";"949901";"Organ. per il promovimento della cultura";6
"S";"949902";"Organizzazioni per la salute";6
"S";"949903";"Associazioni giovanili";6
"S";"949904";"Altre att. di organ. associative nca";6
"S";"95";"Ripar. di computer, e beni per uso pers.";2
"S";"951";"Ripar. di computer, e di apparecchiature";3
"S";"9511";"Ripar. di computer, di unità periferiche";4
"S";"951100";"Ripar. di computer, di unità periferiche";6
"S";"9512";"Ripar. di app. per le comunicazioni";4
"S";"951200";"Ripar. di app. per le comunicazioni";6
"S";"952";"Ripar. di beni per uso pers.";3
"S";"9521";"Ripar. di prod. di el. di consumo";4
"S";"952100";"Ripar. di prod. di el. di consumo";6
"S";"9522";"Ripar. di elettrodomestici";4
"S";"952200";"Ripar. di elettrodomestici";6
"S";"9523";"Ripar. di calzature e art. in pelle";4
"S";"952300";"Ripar. di calzature e art. in pelle";6
"S";"9524";"Ripar. di mobili e di oggetti di arred.";4
"S";"952400";"Ripar. di mobili e di oggetti di arred.";6
"S";"9525";"Ripar. di orologi e di gioielli";4
"S";"952500";"Ripar. di orologi e di gioielli";6
"S";"9529";"Ripar. di altri beni per uso pers.";4
"S";"952900";"Ripar. di altri beni per uso pers.";6
"S";"96";"Altre att. di servizi personali";2
"S";"960";"Altre att. di servizi personali";3
"S";"9601";"Lavanderia e pulitura di art. tessili";4
"S";"960101";"Lavanderia";6
"S";"960102";"Pulitura a secco di art. tessili";6
"S";"9602";"Parrucchieri e altri tratt. di bellezza";4
"S";"960201";"Saloni di parrucchiere";6
"S";"960202";"Istituti di bellezza";6
"S";"9603";"Serv. di pompe funebri e att. conn.";4
"S";"960300";"Serv. di pompe funebri e att. conn.";6
"S";"9604";"Att. d. istituti per il benessere fisico";4
"S";"960401";"Saune, solarium";6
"S";"960402";"A. serv. per il benessere fisico";6
"S";"9609";"Altre att. di servizi pers. nca";4
"S";"960900";"Altre att. di servizi pers. nca";6
"T";"0";"ATT. DI FAM. E CONVIVENZE";1
"T";"97";"Att. di fam. e conv. come datori di lav.";2
"T";"970";"Att. di fam. e conv. come datori di lav.";3
"T";"9700";"Att. di fam. e conv. come datori di lav.";4
"T";"970000";"Att. di fam. e conv. come datori di lav.";6
"T";"98";"Prod. di beni e di serv. indifferenziati";2
"T";"981";"Prod. di beni indiff. per uso proprio";3
"T";"9810";"Prod. di beni indiff. per uso proprio";4
"T";"981000";"Prod. di beni indiff. per uso proprio";6
"T";"982";"Prod. di serv. indiff. per uso proprio";3
"T";"9820";"Prod. di serv. indiff. per uso proprio";4
"T";"982000";"Prod. di serv. indiff. per uso proprio";6
"U";"0";"ATT. DI ORGAN, EXTRATERR.";1
"U";"99";"Att. di organ. e organismi extraterr.";2
"U";"990";"Att. di organ. e organismi extraterr.";3
"U";"9900";"Att. di organ. e organismi extraterr.";4
"U";"990001";"Consolati";6
"U";"990002";"Ambasciate";6
"U";"990003";"Organ. internazionali";6
